uid,domainID,siteID,namedLocation,sampleID,sampleCode,startDate,collectDate,laboratoryName,analyte,analyteConcentration,analyteUnits,belowDetectionQF,coolerTemp,remarks,shipmentWarmQF,externalLabDataQF,sampleCondition,publicationDate,release
711f92f3-8f39-400f-9509-914191ceff5c,D12,BLDE,BLDE.AOS.S2,BLDE.SS.20210105.FIL.NUT,B00000038222,2021-01-05T18:20Z,2021-01-05T18:20Z,Florida International University,NO3+NO2 - N,0.1204,milligramsPerLiter,,-1,"",0,,OK,20220509T143705Z,PROVISIONAL
bcfc9a92-f9de-4241-a538-9406aff193e1,D12,BLDE,BLDE.AOS.S2,BLDE.SS.20210105.RAW.NUT,B00000038243,2021-01-05T18:20Z,2021-01-05T18:20Z,Florida International University,TP,0.0502,milligramsPerLiter,,-1,"",0,,OK,20220509T143705Z,PROVISIONAL
154d6772-488e-4505-aa18-ce5f43b62e83,D12,BLDE,BLDE.AOS.S2,BLDE.SS.20210105.FIL.NUT,B00000038222,2021-01-05T18:20Z,2021-01-05T18:20Z,Florida International University,Ortho - P,0.0381,milligramsPerLiter,,-1,"",0,,OK,20220509T143705Z,PROVISIONAL
069b9475-e984-4d2e-8116-774b73ea4bf1,D12,BLDE,BLDE.AOS.S2,BLDE.SS.20210105.FIL.NUT,B00000038222,2021-01-05T18:20Z,2021-01-05T18:20Z,Florida International University,NO2 - N,7e-04,milligramsPerLiter,,-1,"",0,,OK,20220509T143705Z,PROVISIONAL
95f93e43-cda4-4980-9336-4e450776cf48,D12,BLDE,BLDE.AOS.S2,BLDE.SS.20210105.FIL.NUT,B00000038222,2021-01-05T18:20Z,2021-01-05T18:20Z,Florida International University,TDP,0.0452,milligramsPerLiter,,-1,"",0,,OK,20220509T143705Z,PROVISIONAL
a851bcc4-5508-43dc-893a-eb989ef4641c,D12,BLDE,BLDE.AOS.S2,BLDE.SS.20210105.FIL.NUT,B00000038222,2021-01-05T18:20Z,2021-01-05T18:20Z,Florida International University,NH4 - N,0.0062,milligramsPerLiter,,-1,"",0,,OK,20220509T143705Z,PROVISIONAL
562d10b9-2b8c-4215-a1e4-6b489b2142eb,D12,BLDE,BLDE.AOS.S2,BLDE.SS.20210105.FIL,A00000117215,2021-01-05T18:20Z,2021-01-05T18:20Z,EcoCore_CSU,Fe,0.016,milligramsPerLiter,,1.2,"",0,,OK,20220509T143705Z,PROVISIONAL
36ea0339-58f1-4779-8d93-cbe13f87b635,D12,BLDE,BLDE.AOS.S2,BLDE.SS.20210105.FIL,A00000117215,2021-01-05T18:20Z,2021-01-05T18:20Z,EcoCore_CSU,Na,0.414,milligramsPerLiter,,1.2,"",0,,OK,20220509T143705Z,PROVISIONAL
d3e56d77-c2fc-40bc-b00f-1ed818090b55,D12,BLDE,BLDE.AOS.S2,BLDE.SS.20210105.FIL,A00000117215,2021-01-05T18:20Z,2021-01-05T18:20Z,EcoCore_CSU,Mn,5e-04,milligramsPerLiter,,1.2,"",0,,OK,20220509T143705Z,PROVISIONAL
8f58ab00-8575-4023-985c-4cfa9b8fd7fd,D12,BLDE,BLDE.AOS.S2,BLDE.SS.20210105.FIL,A00000117215,2021-01-05T18:20Z,2021-01-05T18:20Z,EcoCore_CSU,K,1.018,milligramsPerLiter,,1.2,"",0,,OK,20220509T143705Z,PROVISIONAL
206a6bd7-2547-4bf6-a1c3-f767e7c1e5b5,D12,BLDE,BLDE.AOS.S2,BLDE.SS.20210105.FIL,A00000117215,2021-01-05T18:20Z,2021-01-05T18:20Z,EcoCore_CSU,Si,14.77,milligramsPerLiter,,1.2,"",0,,OK,20220509T143705Z,PROVISIONAL
a14a30ef-53f6-4ebd-96c5-8e3dab92cb0b,D12,BLDE,BLDE.AOS.S2,BLDE.SS.20210105.FIL,A00000117215,2021-01-05T18:20Z,2021-01-05T18:20Z,EcoCore_CSU,Mg,4.105,milligramsPerLiter,,1.2,"",0,,OK,20220509T143705Z,PROVISIONAL
d36984fe-6dbb-43fa-849e-cbca9736e963,D12,BLDE,BLDE.AOS.S2,BLDE.SS.20210105.FIL,A00000117215,2021-01-05T18:20Z,2021-01-05T18:20Z,EcoCore_CSU,Ca,1.102,milligramsPerLiter,,1.2,"",0,,OK,20220509T143705Z,PROVISIONAL
08ae32b5-9509-467c-a966-52f6d1f44aa1,D12,BLDE,BLDE.AOS.S2,BLDE.SS.20210105.FIL,A00000117215,2021-01-05T18:20Z,2021-01-05T18:20Z,EcoCore_CSU,CO3,0.005,milligramsPerLiter,,1.2,"",0,,OK,20220509T143705Z,PROVISIONAL
840e1075-0e51-4261-b18d-69cd8676e197,D12,BLDE,BLDE.AOS.S2,BLDE.SS.20210105.FIL,A00000117215,2021-01-05T18:20Z,2021-01-05T18:20Z,EcoCore_CSU,HCO3,22.4224,milligramsPerLiter,,1.2,"",0,,OK,20220509T143705Z,PROVISIONAL
340d49c5-e20e-4103-84c2-b15882a37e08,D12,BLDE,BLDE.AOS.S2,BLDE.SS.20210105.FIL,A00000117215,2021-01-05T18:20Z,2021-01-05T18:20Z,EcoCore_CSU,SO4,2.4612,milligramsPerLiter,,1.2,"",0,,OK,20220509T143705Z,PROVISIONAL
997f2843-97ec-424f-a545-31e09738721d,D12,BLDE,BLDE.AOS.S2,BLDE.SS.20210105.FIL,A00000117215,2021-01-05T18:20Z,2021-01-05T18:20Z,EcoCore_CSU,F,0.2334,milligramsPerLiter,,1.2,"",0,,OK,20220509T143705Z,PROVISIONAL
ffa41a40-c7ca-47e2-9779-c1f14f1fa3d0,D12,BLDE,BLDE.AOS.S2,BLDE.SS.20210105.FIL,A00000117215,2021-01-05T18:20Z,2021-01-05T18:20Z,EcoCore_CSU,Cl,0.6831,milligramsPerLiter,,1.2,"",0,,OK,20220509T143705Z,PROVISIONAL
f9b8ff7b-c330-43e4-815c-39fd43091bc8,D12,BLDE,BLDE.AOS.S2,BLDE.SS.20210105.FIL,A00000117215,2021-01-05T18:20Z,2021-01-05T18:20Z,EcoCore_CSU,Br,0.005,milligramsPerLiter,,1.2,"",0,,OK,20220509T143705Z,PROVISIONAL
f1740f2d-2406-48de-87a0-dfdd0efa3165,D12,BLDE,BLDE.AOS.S2,BLDE.SS.20210105.FIL,A00000117215,2021-01-05T18:20Z,2021-01-05T18:20Z,EcoCore_CSU,Fe,0.004,milligramsPerLiter,,1.2,"",0,,OK,20220509T143705Z,PROVISIONAL
f18f4716-54df-4746-9dde-cc30e0c71a3b,D12,BLDE,BLDE.AOS.S2,BLDE.SS.20210105.FIL,A00000117215,2021-01-05T18:20Z,2021-01-05T18:20Z,EcoCore_CSU,Ca,14.8,milligramsPerLiter,,1.2,"",0,,OK,20220509T143705Z,PROVISIONAL
bdeb3f34-7247-4259-a487-accd676ed7b2,D12,BLDE,BLDE.AOS.S2,BLDE.SS.20210105.FIL,A00000117215,2021-01-05T18:20Z,2021-01-05T18:20Z,EcoCore_CSU,Si,21.34,milligramsPerLiter,,1.2,"",0,,OK,20220509T143705Z,PROVISIONAL
e1632775-57b1-4c50-b2b0-a3aa1fad051a,D12,BLDE,BLDE.AOS.S2,BLDE.SS.20210105.FIL,A00000117215,2021-01-05T18:20Z,2021-01-05T18:20Z,EcoCore_CSU,K,2.057,milligramsPerLiter,,1.2,"",0,,OK,20220509T143705Z,PROVISIONAL
fe92aa67-dd9b-48af-958b-4fdb34803e7d,D12,BLDE,BLDE.AOS.S2,BLDE.SS.20210105.FIL,A00000117215,2021-01-05T18:20Z,2021-01-05T18:20Z,EcoCore_CSU,Mn,5e-04,milligramsPerLiter,,1.2,"",0,,OK,20220509T143705Z,PROVISIONAL
100dc18f-cc85-4e1a-b422-4018dc62bbbf,D12,BLDE,BLDE.AOS.S2,BLDE.SS.20210105.FIL,A00000117215,2021-01-05T18:20Z,2021-01-05T18:20Z,EcoCore_CSU,Mg,6.143,milligramsPerLiter,,1.2,"",0,,OK,20220509T143705Z,PROVISIONAL
1f26c3bc-b02a-4694-a0ff-8ed0208c5d46,D12,BLDE,BLDE.AOS.S2,BLDE.SS.20210105.FIL,A00000117215,2021-01-05T18:20Z,2021-01-05T18:20Z,EcoCore_CSU,Na,7.919,milligramsPerLiter,,1.2,"",0,,OK,20220509T143705Z,PROVISIONAL
7d24f995-eaf1-4ad3-8681-0735a8840e82,D12,BLDE,BLDE.AOS.S2,BLDE.SS.20210105.RAW,A00000114434,2021-01-05T18:20Z,2021-01-05T18:20Z,EcoCore_CSU,pH,7.25,pH,,1.2,"",0,,OK,20220509T143705Z,PROVISIONAL
da691948-2495-4cab-b7f6-f24150ba0228,D12,BLDE,BLDE.AOS.S2,BLDE.SS.20210105.RAW,A00000114434,2021-01-05T18:20Z,2021-01-05T18:20Z,EcoCore_CSU,TSS,10,milligramsPerLiter,,1.2,TSS vol in ml = 10,0,,OK,20220509T143705Z,PROVISIONAL
8994d3e0-1bfb-42a2-8ab3-45d4e42a9542,D12,BLDE,BLDE.AOS.S2,BLDE.SS.20210105.FIL,A00000117215,2021-01-05T18:20Z,2021-01-05T18:20Z,EcoCore_CSU,TDN,0.3022,milligramsPerLiter,,1.2,"",0,,OK,20220509T143705Z,PROVISIONAL
766a07db-a899-49fe-84ed-903cb358955b,D12,BLDE,BLDE.AOS.S2,BLDE.SS.20210105.FIL,A00000117215,2021-01-05T18:20Z,2021-01-05T18:20Z,EcoCore_CSU,DOC,2.219,milligramsPerLiter,,1.2,"",0,,OK,20220509T143705Z,PROVISIONAL
ce11821f-2ba3-4d81-86ea-165eb9e1a3ae,D12,BLDE,BLDE.AOS.S2,BLDE.SS.20210105.FIL,A00000117215,2021-01-05T18:20Z,2021-01-05T18:20Z,EcoCore_CSU,DIC,14.28,milligramsPerLiter,,1.2,"",0,,OK,20220509T143705Z,PROVISIONAL
503b052c-c62e-43e9-8e8d-70c8c3db61f3,D12,BLDE,BLDE.AOS.S2,BLDE.SS.20210105.FIL,A00000117215,2021-01-05T18:20Z,2021-01-05T18:20Z,EcoCore_CSU,UV Absorbance (280 nm),0.0417,"",,1.2,"",0,,OK,20220509T143705Z,PROVISIONAL
894f4e7a-917b-4814-8c22-a6e34f84fd91,D12,BLDE,BLDE.AOS.S2,BLDE.SS.20210105.FIL,A00000117215,2021-01-05T18:20Z,2021-01-05T18:20Z,EcoCore_CSU,UV Absorbance (254 nm),0.0566,"",,1.2,"",0,,OK,20220509T143705Z,PROVISIONAL
6cd9c54f-1004-4690-8aeb-cff2736810f6,D12,BLDE,BLDE.AOS.S2,BLDE.SS.20210105.RAW,A00000114434,2021-01-05T18:20Z,2021-01-05T18:20Z,EcoCore_CSU,TOC,1.855,milligramsPerLiter,,1.2,"",0,,OK,20220509T143705Z,PROVISIONAL
ed6de8c9-e0c2-420f-8313-16d0905dfba1,D12,BLDE,BLDE.AOS.S2,BLDE.SS.20210105.RAW,A00000114434,2021-01-05T18:20Z,2021-01-05T18:20Z,EcoCore_CSU,TN,0.2855,milligramsPerLiter,,1.2,"",0,,OK,20220509T143705Z,PROVISIONAL
a5811db4-dab8-4916-8add-bca6931084dd,D12,BLDE,BLDE.AOS.S2,BLDE.SS.20210202.FIL.NUT.2,B00000115788,2021-02-02T15:55Z,2021-02-02T15:55Z,Florida International University,NO3+NO2 - N,0.1204,milligramsPerLiter,"",-1,"",0,,OK,20220509T142117Z,PROVISIONAL
31286484-319c-4e52-bc30-6b9066e85d93,D12,BLDE,BLDE.AOS.S2,BLDE.SS.20210202.FIL.NUT.2,B00000115788,2021-02-02T15:55Z,2021-02-02T15:55Z,Florida International University,TDP,0.044,milligramsPerLiter,"",-1,"",0,,OK,20220509T142117Z,PROVISIONAL
6aa9360c-0a03-483b-bfe7-7465c1685b56,D12,BLDE,BLDE.AOS.S2,BLDE.SS.20210202.FIL.NUT.2,B00000115788,2021-02-02T15:55Z,2021-02-02T15:55Z,Florida International University,NO2 - N,0.0038,milligramsPerLiter,"",-1,"",0,,OK,20220509T142117Z,PROVISIONAL
13330370-acfd-4ccb-92b3-de8ee93ce662,D12,BLDE,BLDE.AOS.S2,BLDE.SS.20210202.FIL.NUT,B00000115789,2021-02-02T15:55Z,2021-02-02T15:55Z,Florida International University,Ortho - P,0.0374,milligramsPerLiter,"",-1,"",0,,OK,20220509T142117Z,PROVISIONAL
5b0d2208-d8e5-4b29-b540-e34ca0daf0a7,D12,BLDE,BLDE.AOS.S2,BLDE.SS.20210202.FIL.NUT,B00000115789,2021-02-02T15:55Z,2021-02-02T15:55Z,Florida International University,NO3+NO2 - N,0.1188,milligramsPerLiter,"",-1,"",0,,OK,20220509T142117Z,PROVISIONAL
2d690115-d217-43f3-92fe-7b686aed71d3,D12,BLDE,BLDE.AOS.S2,BLDE.SS.20210202.RAW.NUT.3,B00000115790,2021-02-02T15:55Z,2021-02-02T15:55Z,Florida International University,TP,0.0493,milligramsPerLiter,"",-1,"",0,,OK,20220509T142117Z,PROVISIONAL
f7d125ae-d2f6-4460-a87f-0bc79a22193c,D12,BLDE,BLDE.AOS.S2,BLDE.SS.20210202.RAW.NUT.2,B00000115787,2021-02-02T15:55Z,2021-02-02T15:55Z,Florida International University,TP,0.049,milligramsPerLiter,"",-1,"",0,,OK,20220509T142117Z,PROVISIONAL
9f22fc9e-4c54-4042-8691-3660dfd671f9,D12,BLDE,BLDE.AOS.S2,BLDE.SS.20210202.FIL.NUT,B00000115789,2021-02-02T15:55Z,2021-02-02T15:55Z,Florida International University,TDP,0.0444,milligramsPerLiter,"",-1,"",0,,OK,20220509T142117Z,PROVISIONAL
41666035-9f5a-45cd-8c18-a4c8887a9962,D12,BLDE,BLDE.AOS.S2,BLDE.SS.20210202.FIL.NUT.2,B00000115788,2021-02-02T15:55Z,2021-02-02T15:55Z,Florida International University,Ortho - P,0.0371,milligramsPerLiter,"",-1,"",0,,OK,20220509T142117Z,PROVISIONAL
0e311659-1151-46ef-8e30-00d7a77aaf58,D12,BLDE,BLDE.AOS.S2,BLDE.SS.20210202.RAW.NUT,B00000115786,2021-02-02T15:55Z,2021-02-02T15:55Z,Florida International University,TP,0.0448,milligramsPerLiter,"",-1,"",0,,OK,20220509T142117Z,PROVISIONAL
2d320ce7-a456-456f-92ea-9c9ce9a5ae59,D12,BLDE,BLDE.AOS.S2,BLDE.SS.20210202.FIL.NUT,B00000115789,2021-02-02T15:55Z,2021-02-02T15:55Z,Florida International University,NO2 - N,6e-04,milligramsPerLiter,"",-1,"",0,,OK,20220509T142117Z,PROVISIONAL
d1dfbbd1-76de-43e5-8b9a-889e4ebd2708,D12,BLDE,BLDE.AOS.S2,BLDE.SS.20210202.FIL.NUT,B00000115789,2021-02-02T15:55Z,2021-02-02T15:55Z,Florida International University,NH4 - N,0.0053,milligramsPerLiter,"",-1,"",0,,OK,20220509T142117Z,PROVISIONAL
41c83db5-728e-4d35-a3e3-1246a3878dcd,D12,BLDE,BLDE.AOS.S2,BLDE.SS.20210202.FIL.NUT.2,B00000115788,2021-02-02T15:55Z,2021-02-02T15:55Z,Florida International University,NH4 - N,0.005,milligramsPerLiter,"",-1,"",0,,OK,20220509T142117Z,PROVISIONAL
dcc71d0d-b22d-4a0b-8054-31e117168b7a,D12,BLDE,BLDE.AOS.S2,BLDE.SS.20210202.FIL.NUT.3,B00000115791,2021-02-02T15:55Z,2021-02-02T15:55Z,Florida International University,Ortho - P,0.0394,milligramsPerLiter,"",-1,"",0,,OK,20220509T142117Z,PROVISIONAL
f9e9ab02-72f1-4fd4-aefa-6a8db337bb3d,D12,BLDE,BLDE.AOS.S2,BLDE.SS.20210202.FIL.NUT.3,B00000115791,2021-02-02T15:55Z,2021-02-02T15:55Z,Florida International University,NO2 - N,0.0045,milligramsPerLiter,"",-1,"",0,,OK,20220509T142117Z,PROVISIONAL
1fe61281-a611-48c9-a823-d92710a334ad,D12,BLDE,BLDE.AOS.S2,BLDE.SS.20210202.FIL.NUT.3,B00000115791,2021-02-02T15:55Z,2021-02-02T15:55Z,Florida International University,TDP,0.0451,milligramsPerLiter,"",-1,"",0,,OK,20220509T142117Z,PROVISIONAL
e62bdc35-a8e6-4308-b42b-27a44e5e7564,D12,BLDE,BLDE.AOS.S2,BLDE.SS.20210202.FIL.NUT.3,B00000115791,2021-02-02T15:55Z,2021-02-02T15:55Z,Florida International University,NH4 - N,0.0017,milligramsPerLiter,BDL,-1,"",0,,OK,20220509T142117Z,PROVISIONAL
a1afee1c-1db0-40bd-9357-1cb64217ca69,D12,BLDE,BLDE.AOS.S2,BLDE.SS.20210202.FIL.NUT.3,B00000115791,2021-02-02T15:55Z,2021-02-02T15:55Z,Florida International University,NO3+NO2 - N,0.1268,milligramsPerLiter,"",-1,"",0,,OK,20220509T142117Z,PROVISIONAL
4ff1d758-879d-4a92-b4d9-9f467ae74868,D12,BLDE,BLDE.AOS.S2,BLDE.SS.20210202.FIL.2,A00000117235,2021-02-02T15:55Z,2021-02-02T15:55Z,EcoCore_CSU,DOC,2.037,milligramsPerLiter,"",3.9,"",0,,OK,20220509T142117Z,PROVISIONAL
c5e86d42-0e25-49e7-af3a-49b69eb45464,D12,BLDE,BLDE.AOS.S2,BLDE.SS.20210202.FIL,A00000117217,2021-02-02T15:55Z,2021-02-02T15:55Z,EcoCore_CSU,DOC,2.302,milligramsPerLiter,"",3.9,"",0,,OK,20220509T142117Z,PROVISIONAL
144d6e6d-27f7-4b1e-87de-84944679e670,D12,BLDE,BLDE.AOS.S2,BLDE.SS.20210202.FIL.3,A00000114451,2021-02-02T15:55Z,2021-02-02T15:55Z,EcoCore_CSU,DIC,15.7,milligramsPerLiter,"",3.9,"",0,,OK,20220509T142117Z,PROVISIONAL
2708d58f-5d0e-4b63-b6ba-cf40500c34c4,D12,BLDE,BLDE.AOS.S2,BLDE.SS.20210202.FIL.3,A00000114451,2021-02-02T15:55Z,2021-02-02T15:55Z,EcoCore_CSU,DOC,2.048,milligramsPerLiter,"",3.9,"",0,,OK,20220509T142117Z,PROVISIONAL
97334977-7af1-4667-addd-16a8a4ee762f,D12,BLDE,BLDE.AOS.S2,BLDE.SS.20210202.FIL,A00000117217,2021-02-02T15:55Z,2021-02-02T15:55Z,EcoCore_CSU,DIC,15.86,milligramsPerLiter,"",3.9,"",0,,OK,20220509T142117Z,PROVISIONAL
5f01d4a2-f15b-437c-a64c-428b8df8f407,D12,BLDE,BLDE.AOS.S2,BLDE.SS.20210202.FIL.3,A00000114451,2021-02-02T15:55Z,2021-02-02T15:55Z,EcoCore_CSU,TDN,0.18,milligramsPerLiter,"",3.9,"",0,,OK,20220509T142117Z,PROVISIONAL
24e2ddca-b85f-4df9-b6b4-176922b6e8da,D12,BLDE,BLDE.AOS.S2,BLDE.SS.20210202.FIL,A00000117217,2021-02-02T15:55Z,2021-02-02T15:55Z,EcoCore_CSU,TDN,0.2072,milligramsPerLiter,"",3.9,"",0,,OK,20220509T142117Z,PROVISIONAL
52096b06-fcd8-4e04-9288-9f3e9f1a48c3,D12,BLDE,BLDE.AOS.S2,BLDE.SS.20210202.FIL.2,A00000117235,2021-02-02T15:55Z,2021-02-02T15:55Z,EcoCore_CSU,TDN,0.1869,milligramsPerLiter,"",3.9,"",0,,OK,20220509T142117Z,PROVISIONAL
77931e85-815d-4f68-89f9-93572f394278,D12,BLDE,BLDE.AOS.S2,BLDE.SS.20210202.FIL.2,A00000117235,2021-02-02T15:55Z,2021-02-02T15:55Z,EcoCore_CSU,DIC,15.88,milligramsPerLiter,"",3.9,"",0,,OK,20220509T142117Z,PROVISIONAL
37085663-d127-43e2-adb3-48cba3b34330,D12,BLDE,BLDE.AOS.S2,BLDE.SS.20210202.FIL,A00000117217,2021-02-02T15:55Z,2021-02-02T15:55Z,EcoCore_CSU,Fe,0.026,milligramsPerLiter,"",3.9,"",0,,OK,20220509T142117Z,PROVISIONAL
3ae8b419-dd90-4556-a48e-0b1a4ad01f98,D12,BLDE,BLDE.AOS.S2,BLDE.SS.20210202.FIL.3,A00000114451,2021-02-02T15:55Z,2021-02-02T15:55Z,EcoCore_CSU,Si,15.13,milligramsPerLiter,"",3.9,"",0,,OK,20220509T142117Z,PROVISIONAL
eddac1db-1ce5-4244-8b76-7bd012e11824,D12,BLDE,BLDE.AOS.S2,BLDE.SS.20210202.FIL.3,A00000114451,2021-02-02T15:55Z,2021-02-02T15:55Z,EcoCore_CSU,Na,0.44,milligramsPerLiter,"",3.9,"",0,,OK,20220509T142117Z,PROVISIONAL
0f6afe70-77c6-4bc2-9f1b-a26cce258f7f,D12,BLDE,BLDE.AOS.S2,BLDE.SS.20210202.FIL.2,A00000117235,2021-02-02T15:55Z,2021-02-02T15:55Z,EcoCore_CSU,Si,15.06,milligramsPerLiter,"",3.9,"",0,,OK,20220509T142117Z,PROVISIONAL
f1db8e3e-e57f-4e09-bfc5-461df124d4e6,D12,BLDE,BLDE.AOS.S2,BLDE.SS.20210202.FIL.2,A00000117235,2021-02-02T15:55Z,2021-02-02T15:55Z,EcoCore_CSU,Na,0.448,milligramsPerLiter,"",3.9,"",0,,OK,20220509T142117Z,PROVISIONAL
562f6394-3c13-4331-9c1a-0bd1753f4b79,D12,BLDE,BLDE.AOS.S2,BLDE.SS.20210202.FIL.3,A00000114451,2021-02-02T15:55Z,2021-02-02T15:55Z,EcoCore_CSU,Fe,0.02,milligramsPerLiter,"",3.9,"",0,,OK,20220509T142117Z,PROVISIONAL
73dee90f-12f2-4d84-bdd3-5d6d7e813b12,D12,BLDE,BLDE.AOS.S2,BLDE.SS.20210202.FIL.2,A00000117235,2021-02-02T15:55Z,2021-02-02T15:55Z,EcoCore_CSU,K,1.042,milligramsPerLiter,"",3.9,"",0,,OK,20220509T142117Z,PROVISIONAL
d02e5e77-7620-43df-aabb-232e308863b4,D12,BLDE,BLDE.AOS.S2,BLDE.SS.20210202.FIL.3,A00000114451,2021-02-02T15:55Z,2021-02-02T15:55Z,EcoCore_CSU,K,1.017,milligramsPerLiter,"",3.9,"",0,,OK,20220509T142117Z,PROVISIONAL
870f4618-1862-422b-9fa6-1612bb52102a,D12,BLDE,BLDE.AOS.S2,BLDE.SS.20210202.FIL,A00000117217,2021-02-02T15:55Z,2021-02-02T15:55Z,EcoCore_CSU,Mn,5e-04,milligramsPerLiter,"",3.9,"",0,,OK,20220509T142117Z,PROVISIONAL
ea4ba174-fe85-4df9-be4c-3dbdd5eb9bdb,D12,BLDE,BLDE.AOS.S2,BLDE.SS.20210202.FIL.3,A00000114451,2021-02-02T15:55Z,2021-02-02T15:55Z,EcoCore_CSU,Mn,5e-04,milligramsPerLiter,"",3.9,"",0,,OK,20220509T142117Z,PROVISIONAL
ecfdcc62-97e7-4a1f-b0ce-e9dedf76962f,D12,BLDE,BLDE.AOS.S2,BLDE.SS.20210202.FIL.2,A00000117235,2021-02-02T15:55Z,2021-02-02T15:55Z,EcoCore_CSU,Fe,0.019,milligramsPerLiter,"",3.9,"",0,,OK,20220509T142117Z,PROVISIONAL
1c76fcd7-8349-4091-bfc9-f3baf2470482,D12,BLDE,BLDE.AOS.S2,BLDE.SS.20210202.FIL,A00000117217,2021-02-02T15:55Z,2021-02-02T15:55Z,EcoCore_CSU,Ca,1.186,milligramsPerLiter,"",3.9,"",0,,OK,20220509T142117Z,PROVISIONAL
fbc7f6df-6e42-4ef0-b18f-93056e3f8caf,D12,BLDE,BLDE.AOS.S2,BLDE.SS.20210202.FIL.2,A00000117235,2021-02-02T15:55Z,2021-02-02T15:55Z,EcoCore_CSU,Mn,5e-04,milligramsPerLiter,"",3.9,"",0,,OK,20220509T142117Z,PROVISIONAL
b0c88617-84ef-4878-9e54-44b71aa34d3e,D12,BLDE,BLDE.AOS.S2,BLDE.SS.20210202.FIL.2,A00000117235,2021-02-02T15:55Z,2021-02-02T15:55Z,EcoCore_CSU,Ca,1.162,milligramsPerLiter,"",3.9,"",0,,OK,20220509T142117Z,PROVISIONAL
42034dea-b512-4871-b612-0b312e0e2eb4,D12,BLDE,BLDE.AOS.S2,BLDE.SS.20210202.FIL,A00000117217,2021-02-02T15:55Z,2021-02-02T15:55Z,EcoCore_CSU,Mg,4.616,milligramsPerLiter,"",3.9,"",0,,OK,20220509T142117Z,PROVISIONAL
f6139de9-2ce8-4b6d-a2f2-f91f1303953e,D12,BLDE,BLDE.AOS.S2,BLDE.SS.20210202.FIL.3,A00000114451,2021-02-02T15:55Z,2021-02-02T15:55Z,EcoCore_CSU,Ca,1.16,milligramsPerLiter,"",3.9,"",0,,OK,20220509T142117Z,PROVISIONAL
053e6906-a007-4e45-9348-a41c4c082be8,D12,BLDE,BLDE.AOS.S2,BLDE.SS.20210202.FIL,A00000117217,2021-02-02T15:55Z,2021-02-02T15:55Z,EcoCore_CSU,Si,15.26,milligramsPerLiter,"",3.9,"",0,,OK,20220509T142117Z,PROVISIONAL
d449c98d-d74e-408d-89ff-b25a21c1e06f,D12,BLDE,BLDE.AOS.S2,BLDE.SS.20210202.FIL,A00000117217,2021-02-02T15:55Z,2021-02-02T15:55Z,EcoCore_CSU,K,1.123,milligramsPerLiter,"",3.9,"",0,,OK,20220509T142117Z,PROVISIONAL
d82293e3-ff16-4f7f-a7e9-5856f16980b2,D12,BLDE,BLDE.AOS.S2,BLDE.SS.20210202.FIL,A00000117217,2021-02-02T15:55Z,2021-02-02T15:55Z,EcoCore_CSU,Na,0.47,milligramsPerLiter,"",3.9,"",0,,OK,20220509T142117Z,PROVISIONAL
d13bb5df-d39d-4819-9da3-f020e77b6cc5,D12,BLDE,BLDE.AOS.S2,BLDE.SS.20210202.FIL.2,A00000117235,2021-02-02T15:55Z,2021-02-02T15:55Z,EcoCore_CSU,Mg,4.401,milligramsPerLiter,"",3.9,"",0,,OK,20220509T142117Z,PROVISIONAL
595623e5-e8a1-421a-ba81-cdcf07a5a2c3,D12,BLDE,BLDE.AOS.S2,BLDE.SS.20210202.FIL.3,A00000114451,2021-02-02T15:55Z,2021-02-02T15:55Z,EcoCore_CSU,Mg,4.374,milligramsPerLiter,"",3.9,"",0,,OK,20220509T142117Z,PROVISIONAL
c0353dc2-5595-4d02-9bf1-cff6967d16e5,D12,BLDE,BLDE.AOS.S2,BLDE.SS.20210202.FIL,A00000117217,2021-02-02T15:55Z,2021-02-02T15:55Z,EcoCore_CSU,CO3,0.005,milligramsPerLiter,"",3.9,"",0,,OK,20220509T142117Z,PROVISIONAL
efe1218a-d67a-4189-9843-d67744fcc593,D12,BLDE,BLDE.AOS.S2,BLDE.SS.20210202.FIL.2,A00000117235,2021-02-02T15:55Z,2021-02-02T15:55Z,EcoCore_CSU,CO3,0.005,milligramsPerLiter,"",3.9,"",0,,OK,20220509T142117Z,PROVISIONAL
d77ae73a-21b6-4ca9-93bc-7fd924c94561,D12,BLDE,BLDE.AOS.S2,BLDE.SS.20210202.FIL,A00000117217,2021-02-02T15:55Z,2021-02-02T15:55Z,EcoCore_CSU,HCO3,25.6256,milligramsPerLiter,"",3.9,"",0,,OK,20220509T142117Z,PROVISIONAL
464756b0-049f-4f87-82d0-129631345c72,D12,BLDE,BLDE.AOS.S2,BLDE.SS.20210202.FIL.3,A00000114451,2021-02-02T15:55Z,2021-02-02T15:55Z,EcoCore_CSU,HCO3,22.8228,milligramsPerLiter,"",3.9,"",0,,OK,20220509T142117Z,PROVISIONAL
cc9f8919-cb0e-46fe-8d46-2e9c4c77e9a1,D12,BLDE,BLDE.AOS.S2,BLDE.SS.20210202.FIL.2,A00000117235,2021-02-02T15:55Z,2021-02-02T15:55Z,EcoCore_CSU,HCO3,24.8248,milligramsPerLiter,"",3.9,"",0,,OK,20220509T142117Z,PROVISIONAL
8f1951bd-930d-4d11-abfa-d82be64b6b74,D12,BLDE,BLDE.AOS.S2,BLDE.SS.20210202.FIL.3,A00000114451,2021-02-02T15:55Z,2021-02-02T15:55Z,EcoCore_CSU,CO3,0.005,milligramsPerLiter,"",3.9,"",0,,OK,20220509T142117Z,PROVISIONAL
274cbe19-dd0e-4f0b-b30a-001566641b24,D12,BLDE,BLDE.AOS.S2,BLDE.SS.20210202.FIL.2,A00000117235,2021-02-02T15:55Z,2021-02-02T15:55Z,EcoCore_CSU,F,0.2673,milligramsPerLiter,"",3.9,"",0,,OK,20220509T142117Z,PROVISIONAL
0cd05875-865b-4cdf-abc6-35f493f31e15,D12,BLDE,BLDE.AOS.S2,BLDE.SS.20210202.FIL,A00000117217,2021-02-02T15:55Z,2021-02-02T15:55Z,EcoCore_CSU,F,0.2786,milligramsPerLiter,"",3.9,"",0,,OK,20220509T142117Z,PROVISIONAL
a5f7262a-f0c8-4c1d-ab4e-40990629ae26,D12,BLDE,BLDE.AOS.S2,BLDE.SS.20210202.FIL,A00000117217,2021-02-02T15:55Z,2021-02-02T15:55Z,EcoCore_CSU,Br,0.005,milligramsPerLiter,"",3.9,"",0,,OK,20220509T142117Z,PROVISIONAL
f6b102b1-3d9e-4eb5-8004-08a8eb8064c7,D12,BLDE,BLDE.AOS.S2,BLDE.SS.20210202.FIL.2,A00000117235,2021-02-02T15:55Z,2021-02-02T15:55Z,EcoCore_CSU,Cl,0.7301,milligramsPerLiter,"",3.9,"",0,,OK,20220509T142117Z,PROVISIONAL
6a332e45-bb92-4076-a30b-a5962c1aefc5,D12,BLDE,BLDE.AOS.S2,BLDE.SS.20210202.FIL,A00000117217,2021-02-02T15:55Z,2021-02-02T15:55Z,EcoCore_CSU,Cl,0.7403,milligramsPerLiter,"",3.9,"",0,,OK,20220509T142117Z,PROVISIONAL
d3b1b267-ac9c-4da6-9c15-673dc6471f33,D12,BLDE,BLDE.AOS.S2,BLDE.SS.20210202.FIL.2,A00000117235,2021-02-02T15:55Z,2021-02-02T15:55Z,EcoCore_CSU,SO4,2.6422,milligramsPerLiter,"",3.9,"",0,,OK,20220509T142117Z,PROVISIONAL
b27d8ff1-8e4c-41f3-b17f-90439286a607,D12,BLDE,BLDE.AOS.S2,BLDE.SS.20210202.FIL.3,A00000114451,2021-02-02T15:55Z,2021-02-02T15:55Z,EcoCore_CSU,F,0.2714,milligramsPerLiter,"",3.9,"",0,,OK,20220509T142117Z,PROVISIONAL
9bb00627-0146-4602-af4d-c8068546acbb,D12,BLDE,BLDE.AOS.S2,BLDE.SS.20210202.FIL.3,A00000114451,2021-02-02T15:55Z,2021-02-02T15:55Z,EcoCore_CSU,Br,0.005,milligramsPerLiter,"",3.9,"",0,,OK,20220509T142117Z,PROVISIONAL
420f8424-0418-4f34-86a6-502c21a0247f,D12,BLDE,BLDE.AOS.S2,BLDE.SS.20210202.FIL,A00000117217,2021-02-02T15:55Z,2021-02-02T15:55Z,EcoCore_CSU,SO4,2.6615,milligramsPerLiter,"",3.9,"",0,,OK,20220509T142117Z,PROVISIONAL
f32000b0-4ecd-43cb-9a86-93a1cceb6bff,D12,BLDE,BLDE.AOS.S2,BLDE.SS.20210202.FIL.3,A00000114451,2021-02-02T15:55Z,2021-02-02T15:55Z,EcoCore_CSU,SO4,2.6321,milligramsPerLiter,"",3.9,"",0,,OK,20220509T142117Z,PROVISIONAL
34b34b98-0079-4a99-87e3-acbf80c8771a,D12,BLDE,BLDE.AOS.S2,BLDE.SS.20210202.FIL.2,A00000117235,2021-02-02T15:55Z,2021-02-02T15:55Z,EcoCore_CSU,Br,0.005,milligramsPerLiter,"",3.9,"",0,,OK,20220509T142117Z,PROVISIONAL
13341359-76c7-471c-846f-e8c87510de24,D12,BLDE,BLDE.AOS.S2,BLDE.SS.20210202.FIL.3,A00000114451,2021-02-02T15:55Z,2021-02-02T15:55Z,EcoCore_CSU,Cl,0.7111,milligramsPerLiter,"",3.9,"",0,,OK,20220509T142117Z,PROVISIONAL
f029d863-80d2-4668-9614-306a0af220ab,D12,BLDE,BLDE.AOS.S2,BLDE.SS.20210202.RAW.2,A00000117218,2021-02-02T15:55Z,2021-02-02T15:55Z,EcoCore_CSU,pH,8.3,pH,"",3.9,"",0,,OK,20220509T142117Z,PROVISIONAL
8047d07a-9ee5-4e61-b9b1-cd4784ffb23f,D12,BLDE,BLDE.AOS.S2,BLDE.SS.20210202.RAW,A00000114445,2021-02-02T15:55Z,2021-02-02T15:55Z,EcoCore_CSU,pH,8.31,pH,"",3.9,"",0,,OK,20220509T142117Z,PROVISIONAL
c1cd52da-0b18-4489-9149-977b8fc06cb9,D12,BLDE,BLDE.AOS.S2,BLDE.SS.20210202.RAW.2,A00000117218,2021-02-02T15:55Z,2021-02-02T15:55Z,EcoCore_CSU,TSS,0,milligramsPerLiter,"",3.9,TSS vol in ml = 10,0,,OK,20220509T142117Z,PROVISIONAL
2e047b2f-d9f9-4f41-be51-a76489e4a68b,D12,BLDE,BLDE.AOS.S2,BLDE.SS.20210202.RAW,A00000114445,2021-02-02T15:55Z,2021-02-02T15:55Z,EcoCore_CSU,TSS,10,milligramsPerLiter,"",3.9,TSS vol in ml = 20,0,,OK,20220509T142117Z,PROVISIONAL
4b7d82cf-0486-4e4b-8cba-be909268aa9f,D12,BLDE,BLDE.AOS.S2,BLDE.SS.20210202.RAW.3,A00000117199,2021-02-02T15:55Z,2021-02-02T15:55Z,EcoCore_CSU,pH,7.74,pH,"",3.9,"",0,,OK,20220509T142117Z,PROVISIONAL
2f62d318-7fff-43f7-b15d-c4ab7aed3b87,D12,BLDE,BLDE.AOS.S2,BLDE.SS.20210202.RAW.3,A00000117199,2021-02-02T15:55Z,2021-02-02T15:55Z,EcoCore_CSU,TSS,5,milligramsPerLiter,"",3.9,TSS vol in ml = 20,0,,OK,20220509T142117Z,PROVISIONAL
9b4913ae-3dab-436c-accc-c1a5df7ee68c,D12,BLDE,BLDE.AOS.S2,BLDE.SS.20210202.RAW.2,A00000117218,2021-02-02T15:55Z,2021-02-02T15:55Z,EcoCore_CSU,TOC,2.002,milligramsPerLiter,"",3.9,"",0,,OK,20220509T142117Z,PROVISIONAL
35937a15-bc27-4ac2-b498-fa340fd82bbf,D12,BLDE,BLDE.AOS.S2,BLDE.SS.20210202.RAW.2,A00000117218,2021-02-02T15:55Z,2021-02-02T15:55Z,EcoCore_CSU,TN,0.2338,milligramsPerLiter,"",3.9,"",0,,OK,20220509T142117Z,PROVISIONAL
e1364bc2-7a11-40fc-bc52-8d4081353ed7,D12,BLDE,BLDE.AOS.S2,BLDE.SS.20210202.RAW,A00000114445,2021-02-02T15:55Z,2021-02-02T15:55Z,EcoCore_CSU,TN,0.2258,milligramsPerLiter,"",3.9,"",0,,OK,20220509T142117Z,PROVISIONAL
b39131da-885e-40c2-96ed-23fa93b7b5b6,D12,BLDE,BLDE.AOS.S2,BLDE.SS.20210202.RAW,A00000114445,2021-02-02T15:55Z,2021-02-02T15:55Z,EcoCore_CSU,TOC,2.155,milligramsPerLiter,"",3.9,"",0,,OK,20220509T142117Z,PROVISIONAL
ddc3a5b1-4f3c-4455-be19-27fce2ae292f,D12,BLDE,BLDE.AOS.S2,BLDE.SS.20210202.RAW.3,A00000117199,2021-02-02T15:55Z,2021-02-02T15:55Z,EcoCore_CSU,TOC,2.132,milligramsPerLiter,"",3.9,"",0,,OK,20220509T142117Z,PROVISIONAL
9ed77aed-7a4d-417e-a020-aeb3843cc6fc,D12,BLDE,BLDE.AOS.S2,BLDE.SS.20210202.RAW.3,A00000117199,2021-02-02T15:55Z,2021-02-02T15:55Z,EcoCore_CSU,TN,0.2449,milligramsPerLiter,"",3.9,"",0,,OK,20220509T142117Z,PROVISIONAL
4aeb5c54-21ff-48be-aa7b-4c462bc3aebd,D12,BLDE,BLDE.AOS.S2,BLDE.SS.20210202.FIL.2,A00000117235,2021-02-02T15:55Z,2021-02-02T15:55Z,EcoCore_CSU,UV Absorbance (254 nm),0.061,"","",3.9,"",0,,OK,20220509T142117Z,PROVISIONAL
526d5460-0dbf-4c17-83b6-257b6389adca,D12,BLDE,BLDE.AOS.S2,BLDE.SS.20210202.FIL.3,A00000114451,2021-02-02T15:55Z,2021-02-02T15:55Z,EcoCore_CSU,UV Absorbance (254 nm),0.058,"","",3.9,"",0,,OK,20220509T142117Z,PROVISIONAL
e4deff20-a122-488b-a74a-9151f6ba4fc4,D12,BLDE,BLDE.AOS.S2,BLDE.SS.20210202.FIL,A00000117217,2021-02-02T15:55Z,2021-02-02T15:55Z,EcoCore_CSU,UV Absorbance (280 nm),0.0471,"","",3.9,"",0,,OK,20220509T142117Z,PROVISIONAL
a3f562df-b847-4f45-b049-cd97289318bf,D12,BLDE,BLDE.AOS.S2,BLDE.SS.20210202.FIL.3,A00000114451,2021-02-02T15:55Z,2021-02-02T15:55Z,EcoCore_CSU,UV Absorbance (280 nm),0.0428,"","",3.9,"",0,,OK,20220509T142117Z,PROVISIONAL
caceb313-f570-4084-b293-9da7d9fb537b,D12,BLDE,BLDE.AOS.S2,BLDE.SS.20210202.FIL,A00000117217,2021-02-02T15:55Z,2021-02-02T15:55Z,EcoCore_CSU,UV Absorbance (254 nm),0.0665,"","",3.9,"",0,,OK,20220509T142117Z,PROVISIONAL
f3667411-2552-4c1e-b7f5-953e6ab2ee7b,D12,BLDE,BLDE.AOS.S2,BLDE.SS.20210202.FIL.2,A00000117235,2021-02-02T15:55Z,2021-02-02T15:55Z,EcoCore_CSU,UV Absorbance (280 nm),0.044,"","",3.9,"",0,,OK,20220509T142117Z,PROVISIONAL
81f4f47f-04bc-4108-ad43-827b3400ed64,D12,BLDE,BLDE.AOS.S2,BLDE.SS.20210302.FIL,A00000114447,2021-03-02T17:30Z,2021-03-02T17:30Z,EcoCore_CSU,HCO3,23.2232,milligramsPerLiter,"",1.7,"",0,,OK,20220509T143505Z,PROVISIONAL
badacb69-2a3e-449a-8d0c-e34b072e61f8,D12,BLDE,BLDE.AOS.S2,BLDE.SS.20210302.FIL,A00000114447,2021-03-02T17:30Z,2021-03-02T17:30Z,EcoCore_CSU,F,0.3982,milligramsPerLiter,"",1.7,"",0,,OK,20220509T143505Z,PROVISIONAL
ccbcaf5c-50b9-47ea-8d3e-60a36f36f9f7,D12,BLDE,BLDE.AOS.S2,BLDE.SS.20210302.FIL,A00000114447,2021-03-02T17:30Z,2021-03-02T17:30Z,EcoCore_CSU,SO4,2.5981,milligramsPerLiter,"",1.7,"",0,,OK,20220509T143505Z,PROVISIONAL
c54b86f9-7d71-443f-99cb-c060bcac148a,D12,BLDE,BLDE.AOS.S2,BLDE.SS.20210302.FIL,A00000114447,2021-03-02T17:30Z,2021-03-02T17:30Z,EcoCore_CSU,Cl,0.836,milligramsPerLiter,"",1.7,"",0,,OK,20220509T143505Z,PROVISIONAL
db28abde-dd2a-4b89-97d6-e6df9d18e48b,D12,BLDE,BLDE.AOS.S2,BLDE.SS.20210302.FIL,A00000114447,2021-03-02T17:30Z,2021-03-02T17:30Z,EcoCore_CSU,Br,0.005,milligramsPerLiter,"",1.7,"",0,,OK,20220509T143505Z,PROVISIONAL
07916726-c298-4ebf-bfde-1ab2d8ce20cb,D12,BLDE,BLDE.AOS.S2,BLDE.SS.20210302.FIL,A00000114447,2021-03-02T17:30Z,2021-03-02T17:30Z,EcoCore_CSU,Ca,8.585,milligramsPerLiter,"",1.7,"",0,,OK,20220509T143505Z,PROVISIONAL
5f463b1d-0fa2-4165-9652-6be844e101e1,D12,BLDE,BLDE.AOS.S2,BLDE.SS.20210302.FIL,A00000114447,2021-03-02T17:30Z,2021-03-02T17:30Z,EcoCore_CSU,Si,10.15,milligramsPerLiter,"",1.7,"",0,,OK,20220509T143505Z,PROVISIONAL
5f4eb868-f474-47d7-aee9-70e211cf74e6,D12,BLDE,BLDE.AOS.S2,BLDE.SS.20210302.FIL,A00000114447,2021-03-02T17:30Z,2021-03-02T17:30Z,EcoCore_CSU,Mn,5e-04,milligramsPerLiter,"",1.7,"",0,,OK,20220509T143505Z,PROVISIONAL
661c42e0-7b0d-471b-a8ad-4ec68ec6112c,D12,BLDE,BLDE.AOS.S2,BLDE.SS.20210302.FIL,A00000114447,2021-03-02T17:30Z,2021-03-02T17:30Z,EcoCore_CSU,K,0.357,milligramsPerLiter,"",1.7,"",0,,OK,20220509T143505Z,PROVISIONAL
b3e9d1b9-e7ca-4d0d-b579-2dbeb713b209,D12,BLDE,BLDE.AOS.S2,BLDE.SS.20210302.FIL,A00000114447,2021-03-02T17:30Z,2021-03-02T17:30Z,EcoCore_CSU,Na,2.864,milligramsPerLiter,"",1.7,"",0,,OK,20220509T143505Z,PROVISIONAL
150923d1-a661-45f2-8cea-885bcb30c449,D12,BLDE,BLDE.AOS.S2,BLDE.SS.20210302.FIL,A00000114447,2021-03-02T17:30Z,2021-03-02T17:30Z,EcoCore_CSU,Fe,0.097,milligramsPerLiter,"",1.7,"",0,,OK,20220509T143505Z,PROVISIONAL
4fd98644-23a0-45b7-ac9a-5153a1d795d3,D12,BLDE,BLDE.AOS.S2,BLDE.SS.20210302.FIL,A00000114447,2021-03-02T17:30Z,2021-03-02T17:30Z,EcoCore_CSU,Mg,3.569,milligramsPerLiter,"",1.7,"",0,,OK,20220509T143505Z,PROVISIONAL
4b883c22-bf10-40a2-af1f-40766dbfb9d8,D12,BLDE,BLDE.AOS.S2,BLDE.SS.20210302.RAW,A00000117197,2021-03-02T17:30Z,2021-03-02T17:30Z,EcoCore_CSU,pH,7.6,pH,"",1.7,"",0,,OK,20220509T143505Z,PROVISIONAL
a9a75fd7-3598-431e-84bd-cad50dde11a0,D12,BLDE,BLDE.AOS.S2,BLDE.SS.20210302.RAW,A00000117197,2021-03-02T17:30Z,2021-03-02T17:30Z,EcoCore_CSU,TSS,2,milligramsPerLiter,"",1.7,TSS vol in ml = 100,0,,OK,20220509T143505Z,PROVISIONAL
33542e0b-63f8-4aa5-8e22-f8d9b10cbe69,D12,BLDE,BLDE.AOS.S2,BLDE.SS.20210302.FIL,A00000114447,2021-03-02T17:30Z,2021-03-02T17:30Z,EcoCore_CSU,UV Absorbance (254 nm),0.0644,"","",1.7,"",0,,OK,20220509T143505Z,PROVISIONAL
78007825-ec33-41e5-ba8b-c3ad9569c335,D12,BLDE,BLDE.AOS.S2,BLDE.SS.20210302.FIL,A00000114447,2021-03-02T17:30Z,2021-03-02T17:30Z,EcoCore_CSU,UV Absorbance (280 nm),0.0483,"","",1.7,"",0,,OK,20220509T143505Z,PROVISIONAL
5e7003f2-34dc-4c7e-8914-42cdf9d65593,D12,BLDE,BLDE.AOS.S2,BLDE.SS.20210302.FIL,A00000114447,2021-03-02T17:30Z,2021-03-02T17:30Z,EcoCore_CSU,TDN,0.2442,milligramsPerLiter,"",1.7,"",0,,OK,20220509T143505Z,PROVISIONAL
990824e1-ca10-4882-9e86-087a821fe45a,D12,BLDE,BLDE.AOS.S2,BLDE.SS.20210302.FIL,A00000114447,2021-03-02T17:30Z,2021-03-02T17:30Z,EcoCore_CSU,DIC,16.07,milligramsPerLiter,"",1.7,"",0,,OK,20220509T143505Z,PROVISIONAL
5e49fb54-10a7-4837-9498-c5d420732c4f,D12,BLDE,BLDE.AOS.S2,BLDE.SS.20210302.RAW,A00000117197,2021-03-02T17:30Z,2021-03-02T17:30Z,EcoCore_CSU,TN,0.1491,milligramsPerLiter,"",1.7,"",0,,OK,20220509T143505Z,PROVISIONAL
6f08d744-fbe1-454e-a6bd-94535423d1ed,D12,BLDE,BLDE.AOS.S2,BLDE.SS.20210302.FIL,A00000114447,2021-03-02T17:30Z,2021-03-02T17:30Z,EcoCore_CSU,DOC,1.955,milligramsPerLiter,"",1.7,"",0,,OK,20220509T143505Z,PROVISIONAL
0d7e6a0f-ec5a-49d0-b8cf-4527a3dee75d,D12,BLDE,BLDE.AOS.S2,BLDE.SS.20210302.RAW,A00000117197,2021-03-02T17:30Z,2021-03-02T17:30Z,EcoCore_CSU,TOC,2.216,milligramsPerLiter,"",1.7,"",0,,OK,20220509T143505Z,PROVISIONAL
cb3fc407-321b-4247-8363-8a317ea1f9af,D12,BLDE,BLDE.AOS.S2,BLDE.SS.20210302.FIL,A00000114447,2021-03-02T17:30Z,2021-03-02T17:30Z,EcoCore_CSU,CO3,0.005,milligramsPerLiter,"",1.7,"",0,,OK,20220509T143505Z,PROVISIONAL
f11ec6d1-b84d-4ec4-b1e5-7c3ef006cee9,D12,BLDE,BLDE.AOS.S2,BLDE.SS.20210302.FIL.NUT,B00000115795,2021-03-02T17:30Z,2021-03-02T17:30Z,Florida International University,TDP,0.0431,milligramsPerLiter,"",-1,"",0,,OK,20220509T143505Z,PROVISIONAL
71866fc7-221c-4386-aa3c-2c489a5acd71,D12,BLDE,BLDE.AOS.S2,BLDE.SS.20210302.FIL.NUT,B00000115795,2021-03-02T17:30Z,2021-03-02T17:30Z,Florida International University,NO3+NO2 - N,0.1211,milligramsPerLiter,"",-1,"",0,,OK,20220509T143505Z,PROVISIONAL
9f3e22b4-ced9-437c-853a-9db91ae113c6,D12,BLDE,BLDE.AOS.S2,BLDE.SS.20210302.FIL.NUT,B00000115795,2021-03-02T17:30Z,2021-03-02T17:30Z,Florida International University,NO2 - N,4e-04,milligramsPerLiter,"",-1,"",0,,OK,20220509T143505Z,PROVISIONAL
c5e4cefa-ca18-41b5-a0dd-c5bbe6780fd3,D12,BLDE,BLDE.AOS.S2,BLDE.SS.20210302.FIL.NUT,B00000115795,2021-03-02T17:30Z,2021-03-02T17:30Z,Florida International University,NH4 - N,0.0048,milligramsPerLiter,"",-1,"",0,,OK,20220509T143505Z,PROVISIONAL
a5c2dc0a-2a43-41d0-abdc-86692ab16df5,D12,BLDE,BLDE.AOS.S2,BLDE.SS.20210302.RAW.NUT,B00000115794,2021-03-02T17:30Z,2021-03-02T17:30Z,Florida International University,TP,0.049,milligramsPerLiter,"",-1,"",0,,OK,20220509T143505Z,PROVISIONAL
c55a22a9-982f-4ee0-8f24-9e5d8d0099cd,D12,BLDE,BLDE.AOS.S2,BLDE.SS.20210302.FIL.NUT,B00000115795,2021-03-02T17:30Z,2021-03-02T17:30Z,Florida International University,Ortho - P,0.0359,milligramsPerLiter,"",-1,"",0,,OK,20220509T143505Z,PROVISIONAL
d5d5ff96-4ed7-4c23-90a3-65c5db2c8ecb,D12,BLDE,BLDE.AOS.S2,BLDE.SS.20210315.FIL.NUT,B00000038928,2021-03-15T16:55Z,2021-03-15T16:55Z,Florida International University,NO2 - N,0.0011,milligramsPerLiter,"",-1,"",0,,OK,20220509T143505Z,PROVISIONAL
407a5143-e4b0-4d3e-86cd-f048c0db3e86,D12,BLDE,BLDE.AOS.S2,BLDE.SS.20210315.FIL.NUT,B00000038928,2021-03-15T16:55Z,2021-03-15T16:55Z,Florida International University,NH4 - N,0.002,milligramsPerLiter,BDL,-1,"",0,,OK,20220509T143505Z,PROVISIONAL
edb450f4-a3bc-44d4-aa1c-49810ecd44ee,D12,BLDE,BLDE.AOS.S2,BLDE.SS.20210315.FIL.NUT,B00000038928,2021-03-15T16:55Z,2021-03-15T16:55Z,Florida International University,Ortho - P,0.0338,milligramsPerLiter,"",-1,"",0,,OK,20220509T143505Z,PROVISIONAL
0fd0b5fe-bd61-4cf1-a2b9-62c8c488e91e,D12,BLDE,BLDE.AOS.S2,BLDE.SS.20210315.FIL.NUT,B00000038928,2021-03-15T16:55Z,2021-03-15T16:55Z,Florida International University,TDP,0.0424,milligramsPerLiter,"",-1,"",0,,OK,20220509T143505Z,PROVISIONAL
cb7c8c44-4e55-4e6d-9a58-b9978f998789,D12,BLDE,BLDE.AOS.S2,BLDE.SS.20210315.FIL.NUT,B00000038928,2021-03-15T16:55Z,2021-03-15T16:55Z,Florida International University,NO3+NO2 - N,0.1027,milligramsPerLiter,"",-1,"",0,,OK,20220509T143505Z,PROVISIONAL
803cae95-ce3a-41a1-815b-7eb19222d203,D12,BLDE,BLDE.AOS.S2,BLDE.SS.20210315.RAW.NUT,B00000038929,2021-03-15T16:55Z,2021-03-15T16:55Z,Florida International University,TP,0.0444,milligramsPerLiter,"",-1,"",0,,OK,20220509T143505Z,PROVISIONAL
189f8d0b-c320-43ca-8d24-dc6c64ad7f69,D12,BLDE,BLDE.AOS.S2,BLDE.SS.20210315.FIL,A00000117216,2021-03-15T16:55Z,2021-03-15T16:55Z,EcoCore_CSU,HCO3,25.2252,milligramsPerLiter,"",1.9,"",0,,OK,20220509T143505Z,PROVISIONAL
9a64af7b-25a1-4f19-a120-56efcfda1126,D12,BLDE,BLDE.AOS.S2,BLDE.SS.20210315.FIL,A00000117216,2021-03-15T16:55Z,2021-03-15T16:55Z,EcoCore_CSU,CO3,0.005,milligramsPerLiter,"",1.9,"",0,,OK,20220509T143505Z,PROVISIONAL
178356c4-4b42-467f-acec-0367f44e5266,D12,BLDE,BLDE.AOS.S2,BLDE.SS.20210315.FIL,A00000117216,2021-03-15T16:55Z,2021-03-15T16:55Z,EcoCore_CSU,F,0.2671,milligramsPerLiter,"",1.9,"",0,,OK,20220509T143505Z,PROVISIONAL
399a643f-cf00-4409-a69c-4414102e1e83,D12,BLDE,BLDE.AOS.S2,BLDE.SS.20210315.FIL,A00000117216,2021-03-15T16:55Z,2021-03-15T16:55Z,EcoCore_CSU,Cl,0.966,milligramsPerLiter,"",1.9,"",0,,OK,20220509T143505Z,PROVISIONAL
d04f100f-7443-4a3c-94f1-8c2781b80977,D12,BLDE,BLDE.AOS.S2,BLDE.SS.20210315.FIL,A00000117216,2021-03-15T16:55Z,2021-03-15T16:55Z,EcoCore_CSU,SO4,2.551,milligramsPerLiter,"",1.9,"",0,,OK,20220509T143505Z,PROVISIONAL
7740c536-2ca8-420a-b21f-dbbd900ba66a,D12,BLDE,BLDE.AOS.S2,BLDE.SS.20210315.FIL,A00000117216,2021-03-15T16:55Z,2021-03-15T16:55Z,EcoCore_CSU,Br,0.005,milligramsPerLiter,"",1.9,"",0,,OK,20220509T143505Z,PROVISIONAL
c81f0190-670e-4886-a1ed-b170a5986bee,D12,BLDE,BLDE.AOS.S2,BLDE.SS.20210315.FIL,A00000117216,2021-03-15T16:55Z,2021-03-15T16:55Z,EcoCore_CSU,Mg,5.568,milligramsPerLiter,"",1.9,"",0,,OK,20220509T143505Z,PROVISIONAL
dfbaf694-6036-4aac-890b-0be7aba3bc57,D12,BLDE,BLDE.AOS.S2,BLDE.SS.20210315.FIL,A00000117216,2021-03-15T16:55Z,2021-03-15T16:55Z,EcoCore_CSU,Si,16.98,milligramsPerLiter,"",1.9,"",0,,OK,20220509T143505Z,PROVISIONAL
53ea739e-fcc7-4eca-be7f-7275182b7945,D12,BLDE,BLDE.AOS.S2,BLDE.SS.20210315.FIL,A00000117216,2021-03-15T16:55Z,2021-03-15T16:55Z,EcoCore_CSU,Ca,13.11,milligramsPerLiter,"",1.9,"",0,,OK,20220509T143505Z,PROVISIONAL
c8f0bd79-4a87-43a8-b61d-3d589af665d7,D12,BLDE,BLDE.AOS.S2,BLDE.SS.20210315.FIL,A00000117216,2021-03-15T16:55Z,2021-03-15T16:55Z,EcoCore_CSU,Mn,5e-04,milligramsPerLiter,"",1.9,"",0,,OK,20220509T143505Z,PROVISIONAL
17a8e199-debf-417b-bf62-553199374515,D12,BLDE,BLDE.AOS.S2,BLDE.SS.20210315.FIL,A00000117216,2021-03-15T16:55Z,2021-03-15T16:55Z,EcoCore_CSU,K,1.704,milligramsPerLiter,"",1.9,"",0,,OK,20220509T143505Z,PROVISIONAL
1eaba508-ae39-4020-bfc2-0c6def2d28da,D12,BLDE,BLDE.AOS.S2,BLDE.SS.20210315.FIL,A00000117216,2021-03-15T16:55Z,2021-03-15T16:55Z,EcoCore_CSU,Na,6.89,milligramsPerLiter,"",1.9,"",0,,OK,20220509T143505Z,PROVISIONAL
e118431d-fff9-42f0-a31b-b26faad0410c,D12,BLDE,BLDE.AOS.S2,BLDE.SS.20210315.FIL,A00000117216,2021-03-15T16:55Z,2021-03-15T16:55Z,EcoCore_CSU,Fe,0.01,milligramsPerLiter,"",1.9,"",0,,OK,20220509T143505Z,PROVISIONAL
55d85f46-80b7-4866-a35b-c47219799a5b,D12,BLDE,BLDE.AOS.S2,BLDE.SS.20210315.RAW,A00000114424,2021-03-15T16:55Z,2021-03-15T16:55Z,EcoCore_CSU,TSS,3,milligramsPerLiter,"",1.9,TSS vol in ml = 100,0,,OK,20220509T143505Z,PROVISIONAL
4d3900ad-6974-45f5-b7cc-82fdefde2140,D12,BLDE,BLDE.AOS.S2,BLDE.SS.20210315.FIL,A00000117216,2021-03-15T16:55Z,2021-03-15T16:55Z,EcoCore_CSU,UV Absorbance (254 nm),0.0908,"","",1.9,"",0,,OK,20220509T143505Z,PROVISIONAL
6fcb5937-f691-4aca-a249-f1c3ec872642,D12,BLDE,BLDE.AOS.S2,BLDE.SS.20210315.FIL,A00000117216,2021-03-15T16:55Z,2021-03-15T16:55Z,EcoCore_CSU,UV Absorbance (280 nm),0.0699,"","",1.9,"",0,,OK,20220509T143505Z,PROVISIONAL
e7a7e9e5-8314-4858-85a4-559142f9d7fc,D12,BLDE,BLDE.AOS.S2,BLDE.SS.20210315.FIL,A00000117216,2021-03-15T16:55Z,2021-03-15T16:55Z,EcoCore_CSU,TDN,0.1895,milligramsPerLiter,"",1.9,"",0,,OK,20220509T143505Z,PROVISIONAL
f3134f2c-1269-4833-abea-65e06f0b4188,D12,BLDE,BLDE.AOS.S2,BLDE.SS.20210315.RAW,A00000114424,2021-03-15T16:55Z,2021-03-15T16:55Z,EcoCore_CSU,TOC,2.03,milligramsPerLiter,"",1.9,"",0,,OK,20220509T143505Z,PROVISIONAL
be3fb64b-7e78-4be9-a684-18a4d615f9d5,D12,BLDE,BLDE.AOS.S2,BLDE.SS.20210315.RAW,A00000114424,2021-03-15T16:55Z,2021-03-15T16:55Z,EcoCore_CSU,TN,0.1963,milligramsPerLiter,"",1.9,"",0,,OK,20220509T143505Z,PROVISIONAL
554b99c0-2820-4c04-9d49-9301260d6744,D12,BLDE,BLDE.AOS.S2,BLDE.SS.20210315.FIL,A00000117216,2021-03-15T16:55Z,2021-03-15T16:55Z,EcoCore_CSU,DOC,1.903,milligramsPerLiter,"",1.9,"",0,,OK,20220509T143505Z,PROVISIONAL
ca668b7f-2b90-4c76-92a1-3db10788dcee,D12,BLDE,BLDE.AOS.S2,BLDE.SS.20210315.FIL,A00000117216,2021-03-15T16:55Z,2021-03-15T16:55Z,EcoCore_CSU,DIC,16.39,milligramsPerLiter,"",1.9,"",0,,OK,20220509T143505Z,PROVISIONAL
3596c75f-6d97-42a0-9220-dcc7f26d55f2,D12,BLDE,BLDE.AOS.S2,BLDE.SS.20210512.RAW.NUT,B00000038476,2021-05-12T19:31Z,2021-05-12T19:31Z,Florida International University,TP,0.0468,milligramsPerLiter,"",-1,"",0,,OK,20220509T142322Z,PROVISIONAL
eb1808aa-d7cd-4cae-aba3-d954152f3050,D12,BLDE,BLDE.AOS.S2,BLDE.SS.20210512.FIL.NUT,B00000115796,2021-05-12T19:31Z,2021-05-12T19:31Z,Florida International University,NH4 - N,0.0011,milligramsPerLiter,BDL,-1,"",0,,OK,20220509T142322Z,PROVISIONAL
b3e1938a-26ba-41d4-a959-2e98959f79ed,D12,BLDE,BLDE.AOS.S2,BLDE.SS.20210512.FIL.NUT,B00000115796,2021-05-12T19:31Z,2021-05-12T19:31Z,Florida International University,NO2 - N,0.0016,milligramsPerLiter,"",-1,"",0,,OK,20220509T142322Z,PROVISIONAL
cbc1ad6c-c19b-4e6d-a4ee-ed0ef6e3c394,D12,BLDE,BLDE.AOS.S2,BLDE.SS.20210512.FIL.NUT,B00000115796,2021-05-12T19:31Z,2021-05-12T19:31Z,Florida International University,NO3+NO2 - N,0.002,milligramsPerLiter,"",-1,"",0,,OK,20220509T142322Z,PROVISIONAL
712ff8b1-2a8f-4d23-8600-29aef93b18d2,D12,BLDE,BLDE.AOS.S2,BLDE.SS.20210512.FIL.NUT,B00000115796,2021-05-12T19:31Z,2021-05-12T19:31Z,Florida International University,TDP,0.0347,milligramsPerLiter,"",-1,"",0,,OK,20220509T142322Z,PROVISIONAL
0a77499c-da98-46e3-a5ad-ff267533458a,D12,BLDE,BLDE.AOS.S2,BLDE.SS.20210512.FIL.NUT,B00000115796,2021-05-12T19:31Z,2021-05-12T19:31Z,Florida International University,Ortho - P,0.0219,milligramsPerLiter,"",-1,"",0,,OK,20220509T142322Z,PROVISIONAL
121a509f-3efd-4cdc-a399-d30a52d320f4,D12,BLDE,BLDE.AOS.S2,BLDE.SS.20210512.FIL,A00000114446,2021-05-12T19:31Z,2021-05-12T19:31Z,EcoCore_CSU,CO3,0.005,milligramsPerLiter,"",2,"",0,,OK,20220509T142322Z,PROVISIONAL
5451bce4-f515-4c27-a3d3-f6dc39c09443,D12,BLDE,BLDE.AOS.S2,BLDE.SS.20210512.FIL,A00000114446,2021-05-12T19:31Z,2021-05-12T19:31Z,EcoCore_CSU,HCO3,17.6176,milligramsPerLiter,"",2,"",0,,OK,20220509T142322Z,PROVISIONAL
582e8c57-3139-4673-a40e-eeec4e3bc5a6,D12,BLDE,BLDE.AOS.S2,BLDE.SS.20210512.FIL,A00000114446,2021-05-12T19:31Z,2021-05-12T19:31Z,EcoCore_CSU,Br,0.005,milligramsPerLiter,"",2,"",0,,OK,20220509T142322Z,PROVISIONAL
33900146-a66a-46d6-9125-016ecbe8fb0c,D12,BLDE,BLDE.AOS.S2,BLDE.SS.20210512.FIL,A00000114446,2021-05-12T19:31Z,2021-05-12T19:31Z,EcoCore_CSU,F,0.1333,milligramsPerLiter,"",2,"",0,,OK,20220509T142322Z,PROVISIONAL
e55ac607-2f76-4148-8bed-5bfa363b1c9e,D12,BLDE,BLDE.AOS.S2,BLDE.SS.20210512.FIL,A00000114446,2021-05-12T19:31Z,2021-05-12T19:31Z,EcoCore_CSU,SO4,1.8199,milligramsPerLiter,"",2,"",0,,OK,20220509T142322Z,PROVISIONAL
24d07446-5762-4bf3-a6e2-af48c67b72ac,D12,BLDE,BLDE.AOS.S2,BLDE.SS.20210512.FIL,A00000114446,2021-05-12T19:31Z,2021-05-12T19:31Z,EcoCore_CSU,Cl,0.7245,milligramsPerLiter,"",2,"",0,,OK,20220509T142322Z,PROVISIONAL
4fa6e9c1-7e9d-44db-9211-43665eda0961,D12,BLDE,BLDE.AOS.S2,BLDE.SS.20210512.FIL,A00000114446,2021-05-12T19:31Z,2021-05-12T19:31Z,EcoCore_CSU,Mg,3.635,milligramsPerLiter,"",2,"",0,,OK,20220509T142322Z,PROVISIONAL
6e2f7a0a-2b08-484c-a468-f501951f9037,D12,BLDE,BLDE.AOS.S2,BLDE.SS.20210512.FIL,A00000114446,2021-05-12T19:31Z,2021-05-12T19:31Z,EcoCore_CSU,Fe,0.061,milligramsPerLiter,"",2,"",0,,OK,20220509T142322Z,PROVISIONAL
7cfb72a1-2c71-4fd5-8e6c-cbf9c57ef8e5,D12,BLDE,BLDE.AOS.S2,BLDE.SS.20210512.FIL,A00000114446,2021-05-12T19:31Z,2021-05-12T19:31Z,EcoCore_CSU,Si,13.8,milligramsPerLiter,"",2,"",0,,OK,20220509T142322Z,PROVISIONAL
11106b37-44b7-4578-aa9b-ed66777cc04b,D12,BLDE,BLDE.AOS.S2,BLDE.SS.20210512.FIL,A00000114446,2021-05-12T19:31Z,2021-05-12T19:31Z,EcoCore_CSU,Na,0.35,milligramsPerLiter,"",2,"",0,,OK,20220509T142322Z,PROVISIONAL
45935d5d-a1b9-4743-9e0c-53d8e39f2506,D12,BLDE,BLDE.AOS.S2,BLDE.SS.20210512.FIL,A00000114446,2021-05-12T19:31Z,2021-05-12T19:31Z,EcoCore_CSU,Mn,5e-04,milligramsPerLiter,"",2,"",0,,OK,20220509T142322Z,PROVISIONAL
0c7edb48-34dc-4573-a74f-3d590b146e1e,D12,BLDE,BLDE.AOS.S2,BLDE.SS.20210512.FIL,A00000114446,2021-05-12T19:31Z,2021-05-12T19:31Z,EcoCore_CSU,Ca,1.032,milligramsPerLiter,"",2,"",0,,OK,20220509T142322Z,PROVISIONAL
5976affc-b25a-4a88-88fc-5cf8f4e8177a,D12,BLDE,BLDE.AOS.S2,BLDE.SS.20210512.FIL,A00000114446,2021-05-12T19:31Z,2021-05-12T19:31Z,EcoCore_CSU,K,1.142,milligramsPerLiter,"",2,"",0,,OK,20220509T142322Z,PROVISIONAL
c8b03787-817b-4af9-9492-496f0b43d5dc,D12,BLDE,BLDE.AOS.S2,BLDE.SS.20210512.RAW,A00000117201,2021-05-12T19:31Z,2021-05-12T19:31Z,EcoCore_CSU,TSS,5,milligramsPerLiter,"",2,TSS vol in ml = 100,0,,OK,20220509T142322Z,PROVISIONAL
d8c1d171-883d-479b-a976-3e04d076a01d,D12,BLDE,BLDE.AOS.S2,BLDE.SS.20210512.FIL,A00000114446,2021-05-12T19:31Z,2021-05-12T19:31Z,EcoCore_CSU,UV Absorbance (280 nm),0.1819,"","",2,"",0,,OK,20220509T142322Z,PROVISIONAL
680dba15-f7da-4450-ab20-67114dc7ac1f,D12,BLDE,BLDE.AOS.S2,BLDE.SS.20210512.FIL,A00000114446,2021-05-12T19:31Z,2021-05-12T19:31Z,EcoCore_CSU,UV Absorbance (254 nm),0.2419,"","",2,"",0,,OK,20220509T142322Z,PROVISIONAL
ce189f0d-f6c9-4e06-814d-315f2f01216e,D12,BLDE,BLDE.AOS.S2,BLDE.SS.20210512.RAW,A00000117201,2021-05-12T19:31Z,2021-05-12T19:31Z,EcoCore_CSU,TN,0.2485,milligramsPerLiter,"",2,"",0,,OK,20220509T142322Z,PROVISIONAL
b5717ab8-1dce-4370-82cf-989e6e33a899,D12,BLDE,BLDE.AOS.S2,BLDE.SS.20210512.FIL,A00000114446,2021-05-12T19:31Z,2021-05-12T19:31Z,EcoCore_CSU,TDN,0.2079,milligramsPerLiter,"",2,"",0,,OK,20220509T142322Z,PROVISIONAL
18576f7c-2c5f-4636-9cb6-68dee3a1f6c0,D12,BLDE,BLDE.AOS.S2,BLDE.SS.20210512.FIL,A00000114446,2021-05-12T19:31Z,2021-05-12T19:31Z,EcoCore_CSU,DOC,4.96,milligramsPerLiter,"",2,"",0,,OK,20220509T142322Z,PROVISIONAL
1d344d50-cf08-4b3f-b9c0-b46945f4a8e9,D12,BLDE,BLDE.AOS.S2,BLDE.SS.20210512.RAW,A00000117201,2021-05-12T19:31Z,2021-05-12T19:31Z,EcoCore_CSU,TOC,5.326,milligramsPerLiter,"",2,"",0,,OK,20220509T142322Z,PROVISIONAL
66603762-93ba-4cca-a1cb-3da78e7a4779,D12,BLDE,BLDE.AOS.S2,BLDE.SS.20210512.FIL,A00000114446,2021-05-12T19:31Z,2021-05-12T19:31Z,EcoCore_CSU,DIC,11.07,milligramsPerLiter,"",2,"",0,,OK,20220509T142322Z,PROVISIONAL
da121941-1382-4a0c-8530-aa83498ea80e,D12,BLDE,BLDE.AOS.S2,BLDE.SS.20210525.RAW.NUT,B00000038991,2021-05-25T17:15Z,2021-05-25T17:15Z,Florida International University,TP,0.0497,milligramsPerLiter,"",-1,"",0,,OK,20220509T142322Z,PROVISIONAL
c0fe67c4-0aa8-48f8-8c05-c006fb70c8fd,D12,BLDE,BLDE.AOS.S2,BLDE.SS.20210525.FIL.NUT,B00000115690,2021-05-25T17:15Z,2021-05-25T17:15Z,Florida International University,Ortho - P,0.0213,milligramsPerLiter,"",-1,"",0,,OK,20220509T142322Z,PROVISIONAL
38317fdf-a375-4b36-ac0c-add593b85baa,D12,BLDE,BLDE.AOS.S2,BLDE.SS.20210525.FIL.NUT,B00000115690,2021-05-25T17:15Z,2021-05-25T17:15Z,Florida International University,NO2 - N,0.0013,milligramsPerLiter,"",-1,"",0,,OK,20220509T142322Z,PROVISIONAL
b0e13dff-a4d9-487d-a2ab-65308df3fb43,D12,BLDE,BLDE.AOS.S2,BLDE.SS.20210525.FIL.NUT,B00000115690,2021-05-25T17:15Z,2021-05-25T17:15Z,Florida International University,NO3+NO2 - N,9e-04,milligramsPerLiter,BDL,-1,"",0,,OK,20220509T142322Z,PROVISIONAL
5bf821e2-6ae0-418a-8a94-ad0b481f11f4,D12,BLDE,BLDE.AOS.S2,BLDE.SS.20210525.FIL.NUT,B00000115690,2021-05-25T17:15Z,2021-05-25T17:15Z,Florida International University,NH4 - N,0.0019,milligramsPerLiter,BDL,-1,"",0,,OK,20220509T142322Z,PROVISIONAL
56a4227a-a019-44c6-8522-9b6ffbfbe353,D12,BLDE,BLDE.AOS.S2,BLDE.SS.20210525.FIL.NUT,B00000115690,2021-05-25T17:15Z,2021-05-25T17:15Z,Florida International University,TDP,0.0343,milligramsPerLiter,"",-1,"",0,,OK,20220509T142322Z,PROVISIONAL
0c4a6466-e55f-454d-99c9-c34936542bbc,D12,BLDE,BLDE.AOS.S2,BLDE.SS.20210525.FIL,A00000117214,2021-05-25T17:15Z,2021-05-25T17:15Z,EcoCore_CSU,HCO3,18.8188,milligramsPerLiter,"",0.2,"",0,,OK,20220509T142322Z,PROVISIONAL
9614d229-0838-4163-a40d-fc5938c61150,D12,BLDE,BLDE.AOS.S2,BLDE.SS.20210525.FIL,A00000117214,2021-05-25T17:15Z,2021-05-25T17:15Z,EcoCore_CSU,CO3,0.005,milligramsPerLiter,"",0.2,"",0,,OK,20220509T142322Z,PROVISIONAL
a7b70100-dbeb-47de-8ab0-8b3d05a19c4c,D12,BLDE,BLDE.AOS.S2,BLDE.SS.20210525.FIL,A00000117214,2021-05-25T17:15Z,2021-05-25T17:15Z,EcoCore_CSU,SO4,1.2737,milligramsPerLiter,"",0.2,"",0,,OK,20220509T142322Z,PROVISIONAL
7c68d7c4-434e-45ae-9a2c-0923976d0d6c,D12,BLDE,BLDE.AOS.S2,BLDE.SS.20210525.FIL,A00000117214,2021-05-25T17:15Z,2021-05-25T17:15Z,EcoCore_CSU,Br,0.005,milligramsPerLiter,"",0.2,"",0,,OK,20220509T142322Z,PROVISIONAL
c9c52e08-cc46-40d6-a67f-9a73dc24a07e,D12,BLDE,BLDE.AOS.S2,BLDE.SS.20210525.FIL,A00000117214,2021-05-25T17:15Z,2021-05-25T17:15Z,EcoCore_CSU,F,0.1719,milligramsPerLiter,"",0.2,"",0,,OK,20220509T142322Z,PROVISIONAL
5d98f0b4-13cf-492c-86d9-1e74b62e7212,D12,BLDE,BLDE.AOS.S2,BLDE.SS.20210525.FIL,A00000117214,2021-05-25T17:15Z,2021-05-25T17:15Z,EcoCore_CSU,Cl,0.9109,milligramsPerLiter,"",0.2,"",0,,OK,20220509T142322Z,PROVISIONAL
e1abaa63-7975-48c2-826b-270dde40a7af,D12,BLDE,BLDE.AOS.S2,BLDE.SS.20210525.FIL,A00000117214,2021-05-25T17:15Z,2021-05-25T17:15Z,EcoCore_CSU,Na,0.276,milligramsPerLiter,"",0.2,"",0,,OK,20220509T142322Z,PROVISIONAL
48e18c51-fab2-44f8-aa26-811188a7b23b,D12,BLDE,BLDE.AOS.S2,BLDE.SS.20210525.FIL,A00000117214,2021-05-25T17:15Z,2021-05-25T17:15Z,EcoCore_CSU,K,1.057,milligramsPerLiter,"",0.2,"",0,,OK,20220509T142322Z,PROVISIONAL
37ab2bc9-626a-4d01-9b3a-baa1d7d3d88a,D12,BLDE,BLDE.AOS.S2,BLDE.SS.20210525.FIL,A00000117214,2021-05-25T17:15Z,2021-05-25T17:15Z,EcoCore_CSU,Mn,5e-04,milligramsPerLiter,"",0.2,"",0,,OK,20220509T142322Z,PROVISIONAL
0537dd83-4371-48cc-8197-c185db2808cb,D12,BLDE,BLDE.AOS.S2,BLDE.SS.20210525.FIL,A00000117214,2021-05-25T17:15Z,2021-05-25T17:15Z,EcoCore_CSU,Si,13.25,milligramsPerLiter,"",0.2,"",0,,OK,20220509T142322Z,PROVISIONAL
a7506a20-ac2c-468e-81b6-b651d945b872,D12,BLDE,BLDE.AOS.S2,BLDE.SS.20210525.FIL,A00000117214,2021-05-25T17:15Z,2021-05-25T17:15Z,EcoCore_CSU,Mg,2.865,milligramsPerLiter,"",0.2,"",0,,OK,20220509T142322Z,PROVISIONAL
c2f6c72b-58f3-40c7-be72-dd4a9bf6e6ac,D12,BLDE,BLDE.AOS.S2,BLDE.SS.20210525.FIL,A00000117214,2021-05-25T17:15Z,2021-05-25T17:15Z,EcoCore_CSU,Ca,0.812,milligramsPerLiter,"",0.2,"",0,,OK,20220509T142322Z,PROVISIONAL
1b3483b1-90f5-4bea-839f-c4783d9ccf0d,D12,BLDE,BLDE.AOS.S2,BLDE.SS.20210525.FIL,A00000117214,2021-05-25T17:15Z,2021-05-25T17:15Z,EcoCore_CSU,Fe,0.067,milligramsPerLiter,"",0.2,"",0,,OK,20220509T142322Z,PROVISIONAL
05f162c5-1a84-4291-bbdc-8fdb400d36b9,D12,BLDE,BLDE.AOS.S2,BLDE.SS.20210525.RAW,A00000117206,2021-05-25T17:15Z,2021-05-25T17:15Z,EcoCore_CSU,TSS,7,milligramsPerLiter,"",0.2,TSS vol in ml = 100,0,,OK,20220509T142322Z,PROVISIONAL
469722ad-370e-451c-8681-b5c587ef2769,D12,BLDE,BLDE.AOS.S2,BLDE.SS.20210525.FIL,A00000117214,2021-05-25T17:15Z,2021-05-25T17:15Z,EcoCore_CSU,UV Absorbance (254 nm),0.2666,"","",0.2,"",0,,OK,20220509T142322Z,PROVISIONAL
cb46640b-29a2-42b0-9d70-b6c7893ff84c,D12,BLDE,BLDE.AOS.S2,BLDE.SS.20210525.FIL,A00000117214,2021-05-25T17:15Z,2021-05-25T17:15Z,EcoCore_CSU,UV Absorbance (280 nm),0.2008,"","",0.2,"",0,,OK,20220509T142322Z,PROVISIONAL
64848451-0303-49b2-a1a5-2fef4f28ebda,D12,BLDE,BLDE.AOS.S2,BLDE.SS.20210525.RAW,A00000117206,2021-05-25T17:15Z,2021-05-25T17:15Z,EcoCore_CSU,TOC,7.748,milligramsPerLiter,"",0.2,"",0,,OK,20220509T142322Z,PROVISIONAL
7c89c774-f335-4169-922b-5723bde71a59,D12,BLDE,BLDE.AOS.S2,BLDE.SS.20210525.FIL,A00000117214,2021-05-25T17:15Z,2021-05-25T17:15Z,EcoCore_CSU,DIC,8.491,milligramsPerLiter,"",0.2,"",0,,OK,20220509T142322Z,PROVISIONAL
829ba8d4-c87e-41de-8f83-ab0365c62ae6,D12,BLDE,BLDE.AOS.S2,BLDE.SS.20210525.FIL,A00000117214,2021-05-25T17:15Z,2021-05-25T17:15Z,EcoCore_CSU,TDN,0.2144,milligramsPerLiter,"",0.2,"",0,,OK,20220509T142322Z,PROVISIONAL
750b7c77-1c51-4c4c-a5af-810745593127,D12,BLDE,BLDE.AOS.S2,BLDE.SS.20210525.FIL,A00000117214,2021-05-25T17:15Z,2021-05-25T17:15Z,EcoCore_CSU,DOC,6.396,milligramsPerLiter,"",0.2,"",0,,OK,20220509T142322Z,PROVISIONAL
24e05f56-dcb5-4c5e-bcdf-0140d1395c7f,D12,BLDE,BLDE.AOS.S2,BLDE.SS.20210525.RAW,A00000117206,2021-05-25T17:15Z,2021-05-25T17:15Z,EcoCore_CSU,TN,0.2612,milligramsPerLiter,"",0.2,"",0,,OK,20220509T142322Z,PROVISIONAL
31977f35-2a97-4635-828a-23b73ad4c7bd,D12,BLDE,BLDE.AOS.S2,BLDE.SS.20210603.FIL,A00000117208,2021-06-03T17:20Z,2021-06-03T17:20Z,EcoCore_CSU,Mn,0.001,milligramsPerLiter,,3.1,,0,,OK,20220509T142814Z,PROVISIONAL
dbdda521-1dc6-449a-9999-58a81cb85479,D12,BLDE,BLDE.AOS.S2,BLDE.SS.20210603.RAW.NUT,B00000038993,2021-06-03T17:20Z,2021-06-03T17:20Z,Florida International University,TP,0.064,milligramsPerLiter,,-1,,0,,OK,20220509T142814Z,PROVISIONAL
3df22cd3-ae20-4aea-85d6-ef91e2ea7ecc,D12,BLDE,BLDE.AOS.S2,BLDE.SS.20210603.FIL,A00000117208,2021-06-03T17:20Z,2021-06-03T17:20Z,EcoCore_CSU,UV Absorbance (254 nm),0.1567,"",,3.1,,0,,OK,20220509T142814Z,PROVISIONAL
ff1802b5-0aac-4e26-88c6-f448111695fc,D12,BLDE,BLDE.AOS.S2,BLDE.SS.20210603.FIL,A00000117208,2021-06-03T17:20Z,2021-06-03T17:20Z,EcoCore_CSU,UV Absorbance (280 nm),0.1185,"",,3.1,,0,,OK,20220509T142814Z,PROVISIONAL
a8ccfe74-ed71-4a6a-8cdc-f4b6bf9818c2,D12,BLDE,BLDE.AOS.S2,BLDE.SS.20210603.RAW,A00000117203,2021-06-03T17:20Z,2021-06-03T17:20Z,EcoCore_CSU,TN,0.1636,milligramsPerLiter,,3.1,,0,,OK,20220509T142814Z,PROVISIONAL
b6117c84-53d2-4ca4-b1c6-6139295aabb9,D12,BLDE,BLDE.AOS.S2,BLDE.SS.20210603.FIL,A00000117208,2021-06-03T17:20Z,2021-06-03T17:20Z,EcoCore_CSU,DOC,3.548,milligramsPerLiter,,3.1,,0,,OK,20220509T142814Z,PROVISIONAL
db5fab51-eeaa-4951-9d7b-f5b3df5efe0b,D12,BLDE,BLDE.AOS.S2,BLDE.SS.20210603.FIL,A00000117208,2021-06-03T17:20Z,2021-06-03T17:20Z,EcoCore_CSU,TDN,0.1552,milligramsPerLiter,,3.1,,0,,OK,20220509T142814Z,PROVISIONAL
30b85520-5b83-4fe4-9c9d-7b338f0886cb,D12,BLDE,BLDE.AOS.S2,BLDE.SS.20210603.FIL,A00000117208,2021-06-03T17:20Z,2021-06-03T17:20Z,EcoCore_CSU,DIC,7.206,milligramsPerLiter,,3.1,,0,,OK,20220509T142814Z,PROVISIONAL
94ed888e-a2fb-484c-bee6-fe237c7385af,D12,BLDE,BLDE.AOS.S2,BLDE.SS.20210603.RAW,A00000117203,2021-06-03T17:20Z,2021-06-03T17:20Z,EcoCore_CSU,TOC,3.905,milligramsPerLiter,,3.1,,0,,OK,20220509T142814Z,PROVISIONAL
243554f5-6953-4d62-ac26-23cd6e81ff72,D12,BLDE,BLDE.AOS.S2,BLDE.SS.20210603.FIL,A00000117208,2021-06-03T17:20Z,2021-06-03T17:20Z,EcoCore_CSU,Ca,0.675,milligramsPerLiter,,3.1,,0,,OK,20220509T142814Z,PROVISIONAL
b799ddc7-3cb5-4259-97c7-c48dfaadb84e,D12,BLDE,BLDE.AOS.S2,BLDE.SS.20210603.FIL.NUT,B00000038994,2021-06-03T17:20Z,2021-06-03T17:20Z,Florida International University,TDP,0.0414,milligramsPerLiter,,-1,,0,,OK,20220509T142814Z,PROVISIONAL
3cc29d70-6c51-42fc-90b3-c9a3e6eb9d21,D12,BLDE,BLDE.AOS.S2,BLDE.SS.20210603.FIL.NUT,B00000038994,2021-06-03T17:20Z,2021-06-03T17:20Z,Florida International University,NO3+NO2 - N,0.0053,milligramsPerLiter,,-1,,0,,OK,20220509T142814Z,PROVISIONAL
404ca56c-f520-42d2-a867-064058cdbde3,D12,BLDE,BLDE.AOS.S2,BLDE.SS.20210603.FIL.NUT,B00000038994,2021-06-03T17:20Z,2021-06-03T17:20Z,Florida International University,NH4 - N,0.0035,milligramsPerLiter,,-1,,0,,OK,20220509T142814Z,PROVISIONAL
cea2999e-ad66-4d73-9e4e-73c32fe5acb9,D12,BLDE,BLDE.AOS.S2,BLDE.SS.20210603.FIL.NUT,B00000038994,2021-06-03T17:20Z,2021-06-03T17:20Z,Florida International University,NO2 - N,0.0042,milligramsPerLiter,,-1,,0,,OK,20220509T142814Z,PROVISIONAL
cbe63f7a-1645-4c94-8e4b-5a327cdf357e,D12,BLDE,BLDE.AOS.S2,BLDE.SS.20210603.FIL.NUT,B00000038994,2021-06-03T17:20Z,2021-06-03T17:20Z,Florida International University,Ortho - P,0.0284,milligramsPerLiter,,-1,,0,,OK,20220509T142814Z,PROVISIONAL
ddb56b11-dd6a-4f59-8e11-716697acc354,D12,BLDE,BLDE.AOS.S2,BLDE.SS.20210603.FIL,A00000117208,2021-06-03T17:20Z,2021-06-03T17:20Z,EcoCore_CSU,Fe,0.096,milligramsPerLiter,,3.1,,0,,OK,20220509T142814Z,PROVISIONAL
78a73d26-673f-4ee0-a34a-a2ba235a2493,D12,BLDE,BLDE.AOS.S2,BLDE.SS.20210603.FIL,A00000117208,2021-06-03T17:20Z,2021-06-03T17:20Z,EcoCore_CSU,Mg,2.504,milligramsPerLiter,,3.1,,0,,OK,20220509T142814Z,PROVISIONAL
bfb88f11-35ce-4294-b2cb-4abac6bff8d2,D12,BLDE,BLDE.AOS.S2,BLDE.SS.20210603.FIL,A00000117208,2021-06-03T17:20Z,2021-06-03T17:20Z,EcoCore_CSU,K,0.98,milligramsPerLiter,,3.1,,0,,OK,20220509T142814Z,PROVISIONAL
a23107dd-d0b6-4390-91cf-75c8b4bee976,D12,BLDE,BLDE.AOS.S2,BLDE.SS.20210603.FIL,A00000117208,2021-06-03T17:20Z,2021-06-03T17:20Z,EcoCore_CSU,Si,14.24,milligramsPerLiter,,3.1,,0,,OK,20220509T142814Z,PROVISIONAL
9306b2c5-263b-41c8-8485-0645cd3eda70,D12,BLDE,BLDE.AOS.S2,BLDE.SS.20210603.FIL,A00000117208,2021-06-03T17:20Z,2021-06-03T17:20Z,EcoCore_CSU,Na,0.209,milligramsPerLiter,,3.1,,0,,OK,20220509T142814Z,PROVISIONAL
16a7bdec-e6cf-497e-8332-c2aea91e59ad,D12,BLDE,BLDE.AOS.S2,BLDE.SS.20210614.RAW.NUT,B00000038998,2021-06-14T18:20Z,2021-06-14T18:20Z,Florida International University,TP,0.0499,milligramsPerLiter,,-1,,0,,OK,20220509T142814Z,PROVISIONAL
b4d98c7c-fc4e-4ed7-b1e7-4a423b71395f,D12,BLDE,BLDE.AOS.S2,BLDE.SS.20210614.FIL,A00000117231,2021-06-14T18:20Z,2021-06-14T18:20Z,EcoCore_CSU,Si,15.07,milligramsPerLiter,,0.3,,0,,OK,20220509T142814Z,PROVISIONAL
d74e7d1f-6650-4ae7-ab13-abc403d5fd29,D12,BLDE,BLDE.AOS.S2,BLDE.SS.20210614.FIL,A00000117231,2021-06-14T18:20Z,2021-06-14T18:20Z,EcoCore_CSU,Mg,2.982,milligramsPerLiter,,0.3,,0,,OK,20220509T142814Z,PROVISIONAL
f9bca803-fa80-47c6-9cc9-83aa40d80e44,D12,BLDE,BLDE.AOS.S2,BLDE.SS.20210614.FIL,A00000117231,2021-06-14T18:20Z,2021-06-14T18:20Z,EcoCore_CSU,K,1.131,milligramsPerLiter,,0.3,,0,,OK,20220509T142814Z,PROVISIONAL
85913e01-b5b2-462d-8dc6-9018b3edda7f,D12,BLDE,BLDE.AOS.S2,BLDE.SS.20210614.FIL,A00000117231,2021-06-14T18:20Z,2021-06-14T18:20Z,EcoCore_CSU,Na,0.238,milligramsPerLiter,,0.3,,0,,OK,20220509T142814Z,PROVISIONAL
86a813d6-c13f-4787-b511-407ab3c6f402,D12,BLDE,BLDE.AOS.S2,BLDE.SS.20210614.FIL,A00000117231,2021-06-14T18:20Z,2021-06-14T18:20Z,EcoCore_CSU,Fe,0.04,milligramsPerLiter,,0.3,,0,,OK,20220509T142814Z,PROVISIONAL
d6951dd7-364d-49a5-8705-af587b1f0088,D12,BLDE,BLDE.AOS.S2,BLDE.SS.20210614.FIL,A00000117231,2021-06-14T18:20Z,2021-06-14T18:20Z,EcoCore_CSU,Ca,0.794,milligramsPerLiter,,0.3,,0,,OK,20220509T142814Z,PROVISIONAL
f6fe0ffb-d381-462b-855d-d687cde16704,D12,BLDE,BLDE.AOS.S2,BLDE.SS.20210614.FIL,A00000117231,2021-06-14T18:20Z,2021-06-14T18:20Z,EcoCore_CSU,Mn,0.003,milligramsPerLiter,,0.3,,0,,OK,20220509T142814Z,PROVISIONAL
bb612f33-8df6-4c2c-8cdf-20f2e9a624ea,D12,BLDE,BLDE.AOS.S2,BLDE.SS.20210614.FIL.NUT,B00000038999,2021-06-14T18:20Z,2021-06-14T18:20Z,Florida International University,Ortho - P,0.0309,milligramsPerLiter,,-1,,0,,OK,20220509T142814Z,PROVISIONAL
d1585879-e792-4b8b-897b-821edb11a0ea,D12,BLDE,BLDE.AOS.S2,BLDE.SS.20210614.FIL.NUT,B00000038999,2021-06-14T18:20Z,2021-06-14T18:20Z,Florida International University,NO2 - N,0.0018,milligramsPerLiter,,-1,,0,,OK,20220509T142814Z,PROVISIONAL
c97c34d0-589f-4f88-81dc-f05a7be8ab0f,D12,BLDE,BLDE.AOS.S2,BLDE.SS.20210614.FIL.NUT,B00000038999,2021-06-14T18:20Z,2021-06-14T18:20Z,Florida International University,TDP,0.0411,milligramsPerLiter,,-1,,0,,OK,20220509T142814Z,PROVISIONAL
0dde5b5f-55cc-4778-93c9-700808a6c1ed,D12,BLDE,BLDE.AOS.S2,BLDE.SS.20210614.FIL.NUT,B00000038999,2021-06-14T18:20Z,2021-06-14T18:20Z,Florida International University,NH4 - N,0.0025,milligramsPerLiter,,-1,,0,,OK,20220509T142814Z,PROVISIONAL
0b2e75f0-5b17-4167-aebb-3a877981d49b,D12,BLDE,BLDE.AOS.S2,BLDE.SS.20210614.FIL.NUT,B00000038999,2021-06-14T18:20Z,2021-06-14T18:20Z,Florida International University,NO3+NO2 - N,0.0024,milligramsPerLiter,,-1,,0,,OK,20220509T142814Z,PROVISIONAL
d6b854bf-d829-4be1-89c7-2fdf3b3c8da2,D12,BLDE,BLDE.AOS.S2,BLDE.SS.20210614.RAW,A00000117202,2021-06-14T18:20Z,2021-06-14T18:20Z,EcoCore_CSU,TN,0.1125,milligramsPerLiter,,0.3,,0,,OK,20220509T142814Z,PROVISIONAL
c6a63662-bbd6-406e-a49e-203758abd47e,D12,BLDE,BLDE.AOS.S2,BLDE.SS.20210614.FIL,A00000117231,2021-06-14T18:20Z,2021-06-14T18:20Z,EcoCore_CSU,DOC,2.606,milligramsPerLiter,,0.3,,0,,OK,20220509T142814Z,PROVISIONAL
d53315b0-458a-481c-abcb-82404a2a9e2d,D12,BLDE,BLDE.AOS.S2,BLDE.SS.20210614.FIL,A00000117231,2021-06-14T18:20Z,2021-06-14T18:20Z,EcoCore_CSU,DIC,7.969,milligramsPerLiter,,0.3,,0,,OK,20220509T142814Z,PROVISIONAL
0a5996fd-c93b-46e8-91b0-1e99b85841f0,D12,BLDE,BLDE.AOS.S2,BLDE.SS.20210614.FIL,A00000117231,2021-06-14T18:20Z,2021-06-14T18:20Z,EcoCore_CSU,TDN,0.0833,milligramsPerLiter,,0.3,,0,,OK,20220509T142814Z,PROVISIONAL
034138fa-1509-4e6c-a8e8-cbd2a8371141,D12,BLDE,BLDE.AOS.S2,BLDE.SS.20210614.RAW,A00000117202,2021-06-14T18:20Z,2021-06-14T18:20Z,EcoCore_CSU,TOC,2.801,milligramsPerLiter,,0.3,,0,,OK,20220509T142814Z,PROVISIONAL
7bde74f8-7bd3-4d8f-9a8f-08a87483fc46,D12,BLDE,BLDE.AOS.S2,BLDE.SS.20210614.FIL,A00000117231,2021-06-14T18:20Z,2021-06-14T18:20Z,EcoCore_CSU,UV Absorbance (254 nm),0.0935,"",,0.3,,0,,OK,20220509T142814Z,PROVISIONAL
ffda6f8d-3754-487a-b67e-110dcd5346ab,D12,BLDE,BLDE.AOS.S2,BLDE.SS.20210614.FIL,A00000117231,2021-06-14T18:20Z,2021-06-14T18:20Z,EcoCore_CSU,UV Absorbance (280 nm),0.0729,"",,0.3,,0,,OK,20220509T142814Z,PROVISIONAL
83e0f138-4450-4e0f-ae40-d668f093003f,D12,BLDE,BLDE.AOS.S2,BLDE.SS.20210706.FIL,A00000117249,2021-07-06T16:30Z,2021-07-06T16:30Z,EcoCore_CSU,Si,15.34,milligramsPerLiter,,1.2,"",0,,OK,20220509T142158Z,PROVISIONAL
0b508882-a428-4669-b784-46ad56d3d079,D12,BLDE,BLDE.AOS.S2,BLDE.SS.20210706.FIL,A00000117249,2021-07-06T16:30Z,2021-07-06T16:30Z,EcoCore_CSU,Fe,0.012,milligramsPerLiter,,1.2,"",0,,OK,20220509T142158Z,PROVISIONAL
1059464b-020c-48fd-82f3-572f56369708,D12,BLDE,BLDE.AOS.S2,BLDE.SS.20210706.FIL,A00000117249,2021-07-06T16:30Z,2021-07-06T16:30Z,EcoCore_CSU,Ca,0.812,milligramsPerLiter,,1.2,"",0,,OK,20220509T142158Z,PROVISIONAL
f209d5a5-8cee-4894-a0fd-bcad5bca15de,D12,BLDE,BLDE.AOS.S2,BLDE.SS.20210706.FIL.NUT,B00000039229,2021-07-06T16:30Z,2021-07-06T16:30Z,Florida International University,NO3+NO2 - N,0.0039,milligramsPerLiter,,-1,"",0,,OK,20220509T142158Z,PROVISIONAL
a500351d-0255-430b-a37e-a10cb83d0b6a,D12,BLDE,BLDE.AOS.S2,BLDE.SS.20210706.FIL.NUT,B00000039229,2021-07-06T16:30Z,2021-07-06T16:30Z,Florida International University,TDP,0.0434,milligramsPerLiter,,-1,"",0,,OK,20220509T142158Z,PROVISIONAL
c5e60e9e-7d10-4ac8-b748-6b99ec0d13c2,D12,BLDE,BLDE.AOS.S2,BLDE.SS.20210706.FIL.NUT,B00000039229,2021-07-06T16:30Z,2021-07-06T16:30Z,Florida International University,NO2 - N,0.003,milligramsPerLiter,,-1,"",0,,OK,20220509T142158Z,PROVISIONAL
fcc4e416-a025-422d-b93b-13ae3ffbbde8,D12,BLDE,BLDE.AOS.S2,BLDE.SS.20210706.FIL.NUT,B00000039229,2021-07-06T16:30Z,2021-07-06T16:30Z,Florida International University,NH4 - N,0.0022,milligramsPerLiter,,-1,"",0,,OK,20220509T142158Z,PROVISIONAL
ba24835c-20ca-4485-9387-988767384238,D12,BLDE,BLDE.AOS.S2,BLDE.SS.20210706.FIL,A00000117249,2021-07-06T16:30Z,2021-07-06T16:30Z,EcoCore_CSU,TDS,67.88,milligramsPerLiter,,1.2,"",0,,OK,20220509T142158Z,PROVISIONAL
1cc012b4-c385-4d8e-a16b-349175ce98d3,D12,BLDE,BLDE.AOS.S2,BLDE.SS.20210706.FIL,A00000117249,2021-07-06T16:30Z,2021-07-06T16:30Z,EcoCore_CSU,CO3,0.005,milligramsPerLiter,,1.2,"",0,,OK,20220509T142158Z,PROVISIONAL
01fed0c3-8a5f-4f48-8f7c-ef985ec1becf,D12,BLDE,BLDE.AOS.S2,BLDE.SS.20210706.FIL,A00000117249,2021-07-06T16:30Z,2021-07-06T16:30Z,EcoCore_CSU,pH,6.97,pH,,1.2,"",0,,OK,20220509T142158Z,PROVISIONAL
c1bf4328-8264-45fd-89c5-82198edb3425,D12,BLDE,BLDE.AOS.S2,BLDE.SS.20210706.FIL,A00000117249,2021-07-06T16:30Z,2021-07-06T16:30Z,EcoCore_CSU,HCO3,239.44,milligramsPerLiter,,1.2,"",0,,OK,20220509T142158Z,PROVISIONAL
22386183-391e-49cc-9e1e-ce92c8771220,D12,BLDE,BLDE.AOS.S2,BLDE.SS.20210706.RAW,A00000114443,2021-07-06T16:30Z,2021-07-06T16:30Z,EcoCore_CSU,TSS,1,milligramsPerLiter,,1.2,TSS vol in ml = 100,0,,OK,20220509T142158Z,PROVISIONAL
234617ce-16c1-445d-a18c-878e5779c473,D12,BLDE,BLDE.AOS.S2,BLDE.SS.20210706.FIL,A00000117249,2021-07-06T16:30Z,2021-07-06T16:30Z,EcoCore_CSU,UV Absorbance (254 nm),0.0745,"",,1.2,"",0,,OK,20220509T142158Z,PROVISIONAL
a151a295-99af-4f43-a139-e634a7bc36bd,D12,BLDE,BLDE.AOS.S2,BLDE.SS.20210706.FIL,A00000117249,2021-07-06T16:30Z,2021-07-06T16:30Z,EcoCore_CSU,UV Absorbance (280 nm),0.0578,"",,1.2,"",0,,OK,20220509T142158Z,PROVISIONAL
434555ff-e05d-48ab-beae-3e673efc7c5f,D12,BLDE,BLDE.AOS.S2,BLDE.SS.20210706.FIL,A00000117249,2021-07-06T16:30Z,2021-07-06T16:30Z,EcoCore_CSU,DIC,11.17,milligramsPerLiter,,1.2,"",0,,OK,20220509T142158Z,PROVISIONAL
bc6e5534-e6fb-4181-8728-0f2359ba19fc,D12,BLDE,BLDE.AOS.S2,BLDE.SS.20210706.FIL,A00000117249,2021-07-06T16:30Z,2021-07-06T16:30Z,EcoCore_CSU,DOC,2.249,milligramsPerLiter,,1.2,"",0,,OK,20220509T142158Z,PROVISIONAL
a556c5d4-59c3-4d30-ae0d-0731097d0b92,D12,BLDE,BLDE.AOS.S2,BLDE.SS.20210706.FIL,A00000117249,2021-07-06T16:30Z,2021-07-06T16:30Z,EcoCore_CSU,TDN,0.0777,milligramsPerLiter,,1.2,"",0,,OK,20220509T142158Z,PROVISIONAL
ebfa6d73-abd6-4a07-926c-ae2ce0732c76,D12,BLDE,BLDE.AOS.S2,BLDE.SS.20210706.RAW,A00000114443,2021-07-06T16:30Z,2021-07-06T16:30Z,EcoCore_CSU,TOC,2.566,milligramsPerLiter,,1.2,"",0,,OK,20220509T142158Z,PROVISIONAL
afa57931-c246-4f17-8d7d-090f34bfa561,D12,BLDE,BLDE.AOS.S2,BLDE.SS.20210706.RAW,A00000114443,2021-07-06T16:30Z,2021-07-06T16:30Z,EcoCore_CSU,TN,0.0796,milligramsPerLiter,,1.2,"",0,,OK,20220509T142158Z,PROVISIONAL
96982927-2973-4b84-b0cd-4cc493630d53,D12,BLDE,BLDE.AOS.S2,BLDE.SS.20210706.FIL.NUT,B00000039229,2021-07-06T16:30Z,2021-07-06T16:30Z,Florida International University,Ortho - P,0.0312,milligramsPerLiter,,-1,"",0,,OK,20220509T142158Z,PROVISIONAL
8c7cc072-91c0-4ab9-ae7f-5a4bab27aa62,D12,BLDE,BLDE.AOS.S2,BLDE.SS.20210706.RAW.NUT,B00000039230,2021-07-06T16:30Z,2021-07-06T16:30Z,Florida International University,TP,0.0492,milligramsPerLiter,,-1,"",0,,OK,20220509T142158Z,PROVISIONAL
98c554f0-4262-426d-96a1-2ca822268616,D12,BLDE,BLDE.AOS.S2,BLDE.SS.20210706.FIL,A00000117249,2021-07-06T16:30Z,2021-07-06T16:30Z,EcoCore_CSU,K,1.064,milligramsPerLiter,,1.2,"",0,,OK,20220509T142158Z,PROVISIONAL
2f6f0b88-c17a-4686-96c7-10363a16a4db,D12,BLDE,BLDE.AOS.S2,BLDE.SS.20210706.FIL,A00000117249,2021-07-06T16:30Z,2021-07-06T16:30Z,EcoCore_CSU,Na,0.28,milligramsPerLiter,,1.2,"",0,,OK,20220509T142158Z,PROVISIONAL
5a3689fa-d606-4bce-8666-cf56c9566a05,D12,BLDE,BLDE.AOS.S2,BLDE.SS.20210706.FIL,A00000117249,2021-07-06T16:30Z,2021-07-06T16:30Z,EcoCore_CSU,Mn,5e-04,milligramsPerLiter,,1.2,"",0,,OK,20220509T142158Z,PROVISIONAL
8100a70c-0b8e-4451-8fe5-6459f51ea367,D12,BLDE,BLDE.AOS.S2,BLDE.SS.20210706.FIL,A00000117249,2021-07-06T16:30Z,2021-07-06T16:30Z,EcoCore_CSU,Mg,3.096,milligramsPerLiter,,1.2,"",0,,OK,20220509T142158Z,PROVISIONAL
6cdbaecd-d57a-4667-a692-e9b22497172a,D12,BLDE,BLDE.AOS.S2,BLDE.SS.20210804.FIL.NUT,B00000039278,2021-08-04T16:23Z,2021-08-04T16:23Z,Florida International University,TDP,0.043,milligramsPerLiter,"",-1,"",0,,OK,20220509T142113Z,PROVISIONAL
5682ddb9-6d76-436a-a29b-9109c30abc88,D12,BLDE,BLDE.AOS.S2,BLDE.SS.20210804.FIL.NUT,B00000039278,2021-08-04T16:23Z,2021-08-04T16:23Z,Florida International University,NH4 - N,0.002,milligramsPerLiter,BDL,-1,"",0,,OK,20220509T142113Z,PROVISIONAL
f50d6eb7-84a0-4912-a096-f9d3b0c088f5,D12,BLDE,BLDE.AOS.S2,BLDE.SS.20210804.FIL.NUT,B00000039278,2021-08-04T16:23Z,2021-08-04T16:23Z,Florida International University,NO3+NO2 - N,2e-04,milligramsPerLiter,BDL,-1,"",0,,OK,20220509T142113Z,PROVISIONAL
0cf7168a-a632-4e8a-9c50-62e1014b2e98,D12,BLDE,BLDE.AOS.S2,BLDE.SS.20210804.FIL.NUT,B00000039278,2021-08-04T16:23Z,2021-08-04T16:23Z,Florida International University,NO2 - N,4e-04,milligramsPerLiter,"",-1,"",0,,OK,20220509T142113Z,PROVISIONAL
94801d96-8499-4634-8a89-1e02829ae7d0,D12,BLDE,BLDE.AOS.S2,BLDE.SS.20210804.RAW.NUT,B00000039282,2021-08-04T16:23Z,2021-08-04T16:23Z,Florida International University,TP,0.0559,milligramsPerLiter,"",-1,"",0,,OK,20220509T142113Z,PROVISIONAL
d8af974a-44c6-43e3-a9ca-128949c74490,D12,BLDE,BLDE.AOS.S2,BLDE.SS.20210804.FIL.NUT,B00000039278,2021-08-04T16:23Z,2021-08-04T16:23Z,Florida International University,Ortho - P,0.0305,milligramsPerLiter,"",-1,"",0,,OK,20220509T142113Z,PROVISIONAL
13bd5946-9ed2-4297-8bb4-d72ca3b97ae5,D12,BLDE,BLDE.AOS.S2,BLDE.SS.20210804.FIL,A00000117252,2021-08-04T16:23Z,2021-08-04T16:23Z,EcoCore_CSU,UV Absorbance (280 nm),0.0629,"","",2.5,"",0,,OK,20220509T142113Z,PROVISIONAL
eb41e70f-579f-4e8c-bfe3-874cb34624ba,D12,BLDE,BLDE.AOS.S2,BLDE.SS.20210804.FIL,A00000117252,2021-08-04T16:23Z,2021-08-04T16:23Z,EcoCore_CSU,UV Absorbance (254 nm),0.0845,"","",2.5,"",0,,OK,20220509T142113Z,PROVISIONAL
3c193672-889f-4c6f-b17a-105e919adc76,D12,BLDE,BLDE.AOS.S2,BLDE.SS.20210804.FIL,A00000117252,2021-08-04T16:23Z,2021-08-04T16:23Z,EcoCore_CSU,DIC,13.19,milligramsPerLiter,"",2.5,"",0,,OK,20220509T142113Z,PROVISIONAL
c66d8c5f-d1be-4e62-a0b2-ef0f830da877,D12,BLDE,BLDE.AOS.S2,BLDE.SS.20210804.RAW,A00000117966,2021-08-04T16:23Z,2021-08-04T16:23Z,EcoCore_CSU,TN,0.0788,milligramsPerLiter,"",2.5,"",0,,OK,20220509T142113Z,PROVISIONAL
b6f95ae5-bccd-4c21-864a-8a018a4970d3,D12,BLDE,BLDE.AOS.S2,BLDE.SS.20210804.FIL,A00000117252,2021-08-04T16:23Z,2021-08-04T16:23Z,EcoCore_CSU,DOC,2.292,milligramsPerLiter,"",2.5,"",0,,OK,20220509T142113Z,PROVISIONAL
fba16fb8-6be6-4d0d-8015-4eeb9511628a,D12,BLDE,BLDE.AOS.S2,BLDE.SS.20210804.FIL,A00000117252,2021-08-04T16:23Z,2021-08-04T16:23Z,EcoCore_CSU,TDN,0.0758,milligramsPerLiter,"",2.5,"",0,,OK,20220509T142113Z,PROVISIONAL
d1bc390e-db5e-4673-8d1b-f857f5a7685d,D12,BLDE,BLDE.AOS.S2,BLDE.SS.20210804.RAW,A00000117966,2021-08-04T16:23Z,2021-08-04T16:23Z,EcoCore_CSU,TOC,2.537,milligramsPerLiter,"",2.5,"",0,,OK,20220509T142113Z,PROVISIONAL
88baeb69-051c-495d-a0c5-56abc910ced5,D12,BLDE,BLDE.AOS.S2,BLDE.SS.20210810.RAW.NUT,B00000115717,2021-08-10T16:42Z,2021-08-10T16:42Z,Florida International University,TP,0.0498,milligramsPerLiter,"",-1,"",0,,OK,20220509T142113Z,PROVISIONAL
94f7e3fa-c4eb-4ad1-8b8d-991c76511eed,D12,BLDE,BLDE.AOS.S2,BLDE.SS.20210810.FIL.NUT,B00000039284,2021-08-10T16:42Z,2021-08-10T16:42Z,Florida International University,NH4 - N,0.0016,milligramsPerLiter,BDL,-1,"",0,,OK,20220509T142113Z,PROVISIONAL
58222459-b047-4e5a-b095-d974bba5d49b,D12,BLDE,BLDE.AOS.S2,BLDE.SS.20210810.FIL.NUT,B00000039284,2021-08-10T16:42Z,2021-08-10T16:42Z,Florida International University,NO2 - N,7e-04,milligramsPerLiter,"",-1,"",0,,OK,20220509T142113Z,PROVISIONAL
44cede6f-b05e-4e85-ab53-3cc377fb6cbe,D12,BLDE,BLDE.AOS.S2,BLDE.SS.20210810.FIL.NUT,B00000039284,2021-08-10T16:42Z,2021-08-10T16:42Z,Florida International University,Ortho - P,0.0363,milligramsPerLiter,"",-1,"",0,,OK,20220509T142113Z,PROVISIONAL
97733fe9-b82f-4fbf-b05f-cfe38602dbe0,D12,BLDE,BLDE.AOS.S2,BLDE.SS.20210810.FIL.NUT,B00000039284,2021-08-10T16:42Z,2021-08-10T16:42Z,Florida International University,TDP,0.0354,milligramsPerLiter,"",-1,"",0,,OK,20220509T142113Z,PROVISIONAL
4d4eec05-ae85-4517-969c-09de2bfb6c90,D12,BLDE,BLDE.AOS.S2,BLDE.SS.20210810.FIL.NUT,B00000039284,2021-08-10T16:42Z,2021-08-10T16:42Z,Florida International University,NO3+NO2 - N,0.0016,milligramsPerLiter,"",-1,"",0,,OK,20220509T142113Z,PROVISIONAL
d50ea436-5f9f-448a-89e9-4e72767389a0,D12,BLDE,BLDE.AOS.S2,BLDE.SS.20210810.FIL,A00000117248,2021-08-10T16:42Z,2021-08-10T16:42Z,EcoCore_CSU,Si,14.58,milligramsPerLiter,"",1.6,"",0,,OK,20220509T142113Z,PROVISIONAL
5ef2c574-7833-438b-8154-9adf34a17274,D12,BLDE,BLDE.AOS.S2,BLDE.SS.20210810.FIL,A00000117248,2021-08-10T16:42Z,2021-08-10T16:42Z,EcoCore_CSU,Na,0.331,milligramsPerLiter,"",1.6,"",0,,OK,20220509T142113Z,PROVISIONAL
55da035b-70e4-4dc9-8961-25d02333a635,D12,BLDE,BLDE.AOS.S2,BLDE.SS.20210810.FIL,A00000117248,2021-08-10T16:42Z,2021-08-10T16:42Z,EcoCore_CSU,K,1.125,milligramsPerLiter,"",1.6,"",0,,OK,20220509T142113Z,PROVISIONAL
1a0d0256-f1e6-4c80-91bd-3f2765f0a4f2,D12,BLDE,BLDE.AOS.S2,BLDE.SS.20210810.FIL,A00000117248,2021-08-10T16:42Z,2021-08-10T16:42Z,EcoCore_CSU,Ca,0.951,milligramsPerLiter,"",1.6,"",0,,OK,20220509T142113Z,PROVISIONAL
02b4a024-d077-432e-9f6b-16233920874f,D12,BLDE,BLDE.AOS.S2,BLDE.SS.20210810.FIL,A00000117248,2021-08-10T16:42Z,2021-08-10T16:42Z,EcoCore_CSU,Mn,5e-04,milligramsPerLiter,"",1.6,"",0,,OK,20220509T142113Z,PROVISIONAL
da540be4-a1ec-4545-b2eb-d8854c52a93f,D12,BLDE,BLDE.AOS.S2,BLDE.SS.20210810.FIL,A00000117248,2021-08-10T16:42Z,2021-08-10T16:42Z,EcoCore_CSU,Fe,0.018,milligramsPerLiter,"",1.6,"",0,,OK,20220509T142113Z,PROVISIONAL
d5c483fb-34bd-4e4d-9674-3fa3ab117484,D12,BLDE,BLDE.AOS.S2,BLDE.SS.20210810.FIL,A00000117248,2021-08-10T16:42Z,2021-08-10T16:42Z,EcoCore_CSU,Mg,3.658,milligramsPerLiter,"",1.6,"",0,,OK,20220509T142113Z,PROVISIONAL
18c428ec-3a31-4881-bd59-cf6431ef68fa,D12,BLDE,BLDE.AOS.S2,BLDE.SS.20210810.FIL,A00000117248,2021-08-10T16:42Z,2021-08-10T16:42Z,EcoCore_CSU,CO3,0.005,milligramsPerLiter,"",1.6,"",0,,OK,20220509T142113Z,PROVISIONAL
89cc4410-8244-4862-95f2-cb9172e4ca74,D12,BLDE,BLDE.AOS.S2,BLDE.SS.20210810.FIL,A00000117248,2021-08-10T16:42Z,2021-08-10T16:42Z,EcoCore_CSU,TDS,81.14,milligramsPerLiter,"",1.6,"",0,,OK,20220509T142113Z,PROVISIONAL
3a380b88-cace-4b70-8738-720ff5f616c2,D12,BLDE,BLDE.AOS.S2,BLDE.SS.20210810.FIL,A00000117248,2021-08-10T16:42Z,2021-08-10T16:42Z,EcoCore_CSU,HCO3,20.02,milligramsPerLiter,"",1.6,"",0,,OK,20220509T142113Z,PROVISIONAL
e3fad088-8f06-4801-a8e5-f02d6fd84239,D12,BLDE,BLDE.AOS.S2,BLDE.SS.20210810.FIL,A00000117248,2021-08-10T16:42Z,2021-08-10T16:42Z,EcoCore_CSU,pH,7.43,pH,"",1.6,"",0,,OK,20220509T142113Z,PROVISIONAL
6a0249d1-d5e5-4fdb-a31b-566b3b0bba2d,D12,BLDE,BLDE.AOS.S2,BLDE.SS.20210810.RAW,A00000117968,2021-08-10T16:42Z,2021-08-10T16:42Z,EcoCore_CSU,TSS,0,milligramsPerLiter,"",1.6,TSS vol in ml = 100,0,,OK,20220509T142113Z,PROVISIONAL
44f56a11-b618-44aa-93e3-8edf17b8704f,D12,BLDE,BLDE.AOS.S2,BLDE.SS.20210810.FIL,A00000117248,2021-08-10T16:42Z,2021-08-10T16:42Z,EcoCore_CSU,UV Absorbance (280 nm),0.0553,"","",1.6,"",0,,OK,20220509T142113Z,PROVISIONAL
fdb0e2b2-2ed7-4f92-8080-53b709378b6c,D12,BLDE,BLDE.AOS.S2,BLDE.SS.20210810.FIL,A00000117248,2021-08-10T16:42Z,2021-08-10T16:42Z,EcoCore_CSU,UV Absorbance (254 nm),0.0734,"","",1.6,"",0,,OK,20220509T142113Z,PROVISIONAL
68a7dfe6-7c73-4081-b688-6391c5688b06,D12,BLDE,BLDE.AOS.S2,BLDE.SS.20210810.FIL,A00000117248,2021-08-10T16:42Z,2021-08-10T16:42Z,EcoCore_CSU,DOC,2.215,milligramsPerLiter,"",1.6,"",0,,OK,20220509T142113Z,PROVISIONAL
c2b90002-d14d-4399-816f-10cb8fb6a583,D12,BLDE,BLDE.AOS.S2,BLDE.SS.20210810.FIL,A00000117248,2021-08-10T16:42Z,2021-08-10T16:42Z,EcoCore_CSU,TDN,0.0518,milligramsPerLiter,"",1.6,"",0,,OK,20220509T142113Z,PROVISIONAL
1a5cbccf-e0c7-4c64-860d-3ce5964f73c2,D12,BLDE,BLDE.AOS.S2,BLDE.SS.20210810.RAW,A00000117968,2021-08-10T16:42Z,2021-08-10T16:42Z,EcoCore_CSU,TOC,2.356,milligramsPerLiter,"",1.6,"",0,,OK,20220509T142113Z,PROVISIONAL
b1605fe4-46b3-49cc-beda-3cac39ad11b2,D12,BLDE,BLDE.AOS.S2,BLDE.SS.20210810.FIL,A00000117248,2021-08-10T16:42Z,2021-08-10T16:42Z,EcoCore_CSU,DIC,12.63,milligramsPerLiter,"",1.6,"",0,,OK,20220509T142113Z,PROVISIONAL
06ab9c96-2a4f-4817-a764-e97edb16a05a,D12,BLDE,BLDE.AOS.S2,BLDE.SS.20210810.RAW,A00000117968,2021-08-10T16:42Z,2021-08-10T16:42Z,EcoCore_CSU,TN,0.0982,milligramsPerLiter,"",1.6,"",0,,OK,20220509T142113Z,PROVISIONAL
d4a40739-6efa-43ea-ba09-f1270b29edd9,D12,BLDE,BLDE.AOS.S2,BLDE.SS.20210908.FIL.NUT,B00000039281,2021-09-08T16:28Z,2021-09-08T16:28Z,Florida International University,NO2 - N,4e-04,milligramsPerLiter,"",-1,"",0,,OK,20220509T141203Z,PROVISIONAL
b4104533-f458-4845-af9d-be8d5799ca68,D12,BLDE,BLDE.AOS.S2,BLDE.SS.20210908.FIL.NUT,B00000039281,2021-09-08T16:28Z,2021-09-08T16:28Z,Florida International University,NO3+NO2 - N,7e-04,milligramsPerLiter,BDL,-1,"",0,,OK,20220509T141203Z,PROVISIONAL
dc198930-3d3d-43fa-924e-47b4c704de3d,D12,BLDE,BLDE.AOS.S2,BLDE.SS.20210908.FIL.NUT,B00000039281,2021-09-08T16:28Z,2021-09-08T16:28Z,Florida International University,NH4 - N,0.0013,milligramsPerLiter,BDL,-1,"",0,,OK,20220509T141203Z,PROVISIONAL
6ccf1e3c-e974-436b-98ac-67f0e15a5603,D12,BLDE,BLDE.AOS.S2,BLDE.SS.20210908.FIL.NUT,B00000039281,2021-09-08T16:28Z,2021-09-08T16:28Z,Florida International University,TDP,0.0344,milligramsPerLiter,"",-1,"",0,,OK,20220509T141203Z,PROVISIONAL
283531f9-1df6-4ccb-b6e2-3169be673783,D12,BLDE,BLDE.AOS.S2,BLDE.SS.20210908.RAW.NUT,B00000039268,2021-09-08T16:28Z,2021-09-08T16:28Z,Florida International University,TP,0.0344,milligramsPerLiter,"",-1,"",0,,OK,20220509T141203Z,PROVISIONAL
4bb3750e-08b4-4ccf-8551-ed6f5c22d7ce,D12,BLDE,BLDE.AOS.S2,BLDE.SS.20210908.FIL,A00000117554,2021-09-08T16:28Z,2021-09-08T16:28Z,EcoCore_CSU,CO3,0.005,milligramsPerLiter,"",2,"",0,,OK,20220509T141203Z,PROVISIONAL
ba5766f8-66d1-440b-ae4e-e8095505e74a,D12,BLDE,BLDE.AOS.S2,BLDE.SS.20210908.FIL,A00000117554,2021-09-08T16:28Z,2021-09-08T16:28Z,EcoCore_CSU,HCO3,21.62,milligramsPerLiter,"",2,"",0,,OK,20220509T141203Z,PROVISIONAL
14d45375-b622-4392-b334-832a9026922c,D12,BLDE,BLDE.AOS.S2,BLDE.SS.20210908.FIL,A00000117554,2021-09-08T16:28Z,2021-09-08T16:28Z,EcoCore_CSU,TDS,88.19,milligramsPerLiter,"",2,"",0,,OK,20220509T141203Z,PROVISIONAL
1292bfcb-89c1-434d-9fb9-3f6676a598ed,D12,BLDE,BLDE.AOS.S2,BLDE.SS.20210908.FIL.NUT,B00000039281,2021-09-08T16:28Z,2021-09-08T16:28Z,Florida International University,Ortho - P,0.0252,milligramsPerLiter,"",-1,"",0,,OK,20220509T141203Z,PROVISIONAL
84944b52-04bd-4e0b-b20b-5b96e226167d,D12,BLDE,BLDE.AOS.S2,BLDE.SS.20210908.RAW,A00000117971,2021-09-08T16:28Z,2021-09-08T16:28Z,EcoCore_CSU,TSS,0,milligramsPerLiter,"",2,TSS vol in ml = 100,0,,OK,20220509T141203Z,PROVISIONAL
dc151241-84f1-4313-8017-87385d9fef8d,D12,BLDE,BLDE.AOS.S2,BLDE.SS.20210908.FIL,A00000117554,2021-09-08T16:28Z,2021-09-08T16:28Z,EcoCore_CSU,UV Absorbance (254 nm),0.0794,"","",2,"",0,,OK,20220509T141203Z,PROVISIONAL
46c5807a-4b3c-47cb-8c27-b33e65996cde,D12,BLDE,BLDE.AOS.S2,BLDE.SS.20210908.FIL,A00000117554,2021-09-08T16:28Z,2021-09-08T16:28Z,EcoCore_CSU,UV Absorbance (280 nm),0.0624,"","",2,"",0,,OK,20220509T141203Z,PROVISIONAL
39e086a6-d4b7-493c-9120-a922c62fd32b,D12,BLDE,BLDE.AOS.S2,BLDE.SS.20210908.RAW,A00000117971,2021-09-08T16:28Z,2021-09-08T16:28Z,EcoCore_CSU,TOC,2.229,milligramsPerLiter,"",2,"",0,,OK,20220509T141203Z,PROVISIONAL
b7377676-1182-4e4d-b6aa-99b656a57b81,D12,BLDE,BLDE.AOS.S2,BLDE.SS.20210908.FIL,A00000117554,2021-09-08T16:28Z,2021-09-08T16:28Z,EcoCore_CSU,TDN,0.0941,milligramsPerLiter,"",2,"",0,,OK,20220509T141203Z,PROVISIONAL
c4a6d220-a49d-4878-864b-0310e1fe59a3,D12,BLDE,BLDE.AOS.S2,BLDE.SS.20210908.FIL,A00000117554,2021-09-08T16:28Z,2021-09-08T16:28Z,EcoCore_CSU,DIC,13.5,milligramsPerLiter,"",2,"",0,,OK,20220509T141203Z,PROVISIONAL
915f2371-7f1a-4042-9782-de492d82ef27,D12,BLDE,BLDE.AOS.S2,BLDE.SS.20210908.FIL,A00000117554,2021-09-08T16:28Z,2021-09-08T16:28Z,EcoCore_CSU,DOC,2.172,milligramsPerLiter,"",2,"",0,,OK,20220509T141203Z,PROVISIONAL
cf481809-3c35-422e-85d0-2eb445b2a01f,D12,BLDE,BLDE.AOS.S2,BLDE.SS.20210908.RAW,A00000117971,2021-09-08T16:28Z,2021-09-08T16:28Z,EcoCore_CSU,TN,0.0952,milligramsPerLiter,"",2,"",0,,OK,20220509T141203Z,PROVISIONAL
7d91eed9-bbcd-4330-85a9-c3963d32e587,D12,BLDE,BLDE.AOS.S2,BLDE.SS.20210908.FIL,A00000117554,2021-09-08T16:28Z,2021-09-08T16:28Z,EcoCore_CSU,pH,7.07,pH,"",2,"",0,,OK,20220509T141203Z,PROVISIONAL
314b736e-bb68-43ff-bb23-616db9f4b1f0,D12,BLDE,BLDE.AOS.S2,BLDE.SS.20210920.FIL,A00000118189,2021-09-20T16:09Z,2021-09-20T16:09Z,EcoCore_CSU,UV Absorbance (280 nm),0.0721,"","",1.7,"",0,,OK,20220509T141203Z,PROVISIONAL
5d21be93-a995-46b1-aa7d-58558e68bd24,D12,BLDE,BLDE.AOS.S2,BLDE.SS.20210920.FIL.NUT,B00000115720,2021-09-20T16:09Z,2021-09-20T16:09Z,Florida International University,TDP,0.0502,milligramsPerLiter,"",-1,"",0,,OK,20220509T141203Z,PROVISIONAL
4cb49f5a-c081-45fc-99d1-63003f05e161,D12,BLDE,BLDE.AOS.S2,BLDE.SS.20210920.FIL.NUT,B00000115720,2021-09-20T16:09Z,2021-09-20T16:09Z,Florida International University,NO3+NO2 - N,0.0029,milligramsPerLiter,"",-1,"",0,,OK,20220509T141203Z,PROVISIONAL
df13478a-1d9d-439b-9882-1f560cede53d,D12,BLDE,BLDE.AOS.S2,BLDE.SS.20210920.FIL.NUT,B00000115720,2021-09-20T16:09Z,2021-09-20T16:09Z,Florida International University,NH4 - N,0.0243,milligramsPerLiter,"",-1,"",0,,OK,20220509T141203Z,PROVISIONAL
3eaaf961-4d3f-4285-86e1-fca6b1c49ec4,D12,BLDE,BLDE.AOS.S2,BLDE.SS.20210920.FIL.NUT,B00000115720,2021-09-20T16:09Z,2021-09-20T16:09Z,Florida International University,Ortho - P,0.0143,milligramsPerLiter,"",-1,"",0,,OK,20220509T141203Z,PROVISIONAL
1e2fe66e-a72c-4b4c-aa02-b0d96c5929e2,D12,BLDE,BLDE.AOS.S2,BLDE.SS.20210920.FIL.NUT,B00000115720,2021-09-20T16:09Z,2021-09-20T16:09Z,Florida International University,NO2 - N,0.0051,milligramsPerLiter,"",-1,"",0,,OK,20220509T141203Z,PROVISIONAL
28ba11fc-47bc-486a-ad4c-97384d731bd9,D12,BLDE,BLDE.AOS.S2,BLDE.SS.20210920.FIL,A00000118189,2021-09-20T16:09Z,2021-09-20T16:09Z,EcoCore_CSU,Na,0.394,milligramsPerLiter,"",1.7,"",0,,OK,20220509T141203Z,PROVISIONAL
e6c48daa-bbf1-4955-b412-cc5ad6595b2b,D12,BLDE,BLDE.AOS.S2,BLDE.SS.20210920.FIL,A00000118189,2021-09-20T16:09Z,2021-09-20T16:09Z,EcoCore_CSU,Mn,5e-04,milligramsPerLiter,"",1.7,"",0,,OK,20220509T141203Z,PROVISIONAL
82b74e05-629f-41a9-a566-2ae6af4e6056,D12,BLDE,BLDE.AOS.S2,BLDE.SS.20210920.FIL,A00000118189,2021-09-20T16:09Z,2021-09-20T16:09Z,EcoCore_CSU,Ca,1.082,milligramsPerLiter,"",1.7,"",0,,OK,20220509T141203Z,PROVISIONAL
3c500113-1745-4bf8-ac2a-35e483d9e240,D12,BLDE,BLDE.AOS.S2,BLDE.SS.20210920.FIL,A00000118189,2021-09-20T16:09Z,2021-09-20T16:09Z,EcoCore_CSU,Si,15.14,milligramsPerLiter,"",1.7,"",0,,OK,20220509T141203Z,PROVISIONAL
81df6348-2e9e-4beb-aaeb-3e7d4fd12230,D12,BLDE,BLDE.AOS.S2,BLDE.SS.20210920.FIL,A00000118189,2021-09-20T16:09Z,2021-09-20T16:09Z,EcoCore_CSU,Fe,0.042,milligramsPerLiter,"",1.7,"",0,,OK,20220509T141203Z,PROVISIONAL
6924750b-be6f-4c1a-b947-e21b1da22bc8,D12,BLDE,BLDE.AOS.S2,BLDE.SS.20210920.FIL,A00000118189,2021-09-20T16:09Z,2021-09-20T16:09Z,EcoCore_CSU,Mg,4.228,milligramsPerLiter,"",1.7,"",0,,OK,20220509T141203Z,PROVISIONAL
bf5dca58-0607-414e-85f8-b9d5a4b40c26,D12,BLDE,BLDE.AOS.S2,BLDE.SS.20210920.FIL,A00000118189,2021-09-20T16:09Z,2021-09-20T16:09Z,EcoCore_CSU,K,1.388,milligramsPerLiter,"",1.7,"",0,,OK,20220509T141203Z,PROVISIONAL
1a7728be-f573-40fc-9e18-7de3304e4055,D12,BLDE,BLDE.AOS.S2,BLDE.SS.20210920.RAW.NUT,B00000039275,2021-09-20T16:09Z,2021-09-20T16:09Z,Florida International University,TP,0.0534,milligramsPerLiter,"",-1,"",0,,OK,20220509T141203Z,PROVISIONAL
743175c5-3aac-4890-a98a-058bf4bdcacc,D12,BLDE,BLDE.AOS.S2,BLDE.SS.20210920.FIL,A00000118189,2021-09-20T16:09Z,2021-09-20T16:09Z,EcoCore_CSU,TDS,86.39,milligramsPerLiter,"",1.7,"",0,,OK,20220509T141203Z,PROVISIONAL
df837174-1b75-4af2-97bd-e80a78c86f38,D12,BLDE,BLDE.AOS.S2,BLDE.SS.20210920.FIL,A00000118189,2021-09-20T16:09Z,2021-09-20T16:09Z,EcoCore_CSU,HCO3,20.82,milligramsPerLiter,"",1.7,"",0,,OK,20220509T141203Z,PROVISIONAL
f22cd25f-55c0-4ae4-8635-efaa411d18e6,D12,BLDE,BLDE.AOS.S2,BLDE.SS.20210920.FIL,A00000118189,2021-09-20T16:09Z,2021-09-20T16:09Z,EcoCore_CSU,CO3,0.005,milligramsPerLiter,"",1.7,"",0,,OK,20220509T141203Z,PROVISIONAL
28c35297-767e-418c-a8d3-84ed5c02937a,D12,BLDE,BLDE.AOS.S2,BLDE.SS.20210920.FIL,A00000118189,2021-09-20T16:09Z,2021-09-20T16:09Z,EcoCore_CSU,pH,6.87,pH,"",1.7,"",0,,OK,20220509T141203Z,PROVISIONAL
5bfb5593-75ee-437f-a4a3-803cdd4c9934,D12,BLDE,BLDE.AOS.S2,BLDE.SS.20210920.RAW,A00000117967,2021-09-20T16:09Z,2021-09-20T16:09Z,EcoCore_CSU,TSS,9,milligramsPerLiter,"",1.7,TSS vol in ml = 100,0,,OK,20220509T141203Z,PROVISIONAL
cb3b2c29-4a57-47a1-9c0b-f88120e50c56,D12,BLDE,BLDE.AOS.S2,BLDE.SS.20210920.RAW,A00000117967,2021-09-20T16:09Z,2021-09-20T16:09Z,EcoCore_CSU,TN,0.0668,milligramsPerLiter,"",1.7,"",0,,OK,20220509T141203Z,PROVISIONAL
438c11f9-33f2-4bf2-8162-d157a14963ae,D12,BLDE,BLDE.AOS.S2,BLDE.SS.20210920.FIL,A00000118189,2021-09-20T16:09Z,2021-09-20T16:09Z,EcoCore_CSU,DIC,13.32,milligramsPerLiter,"",1.7,"",0,,OK,20220509T141203Z,PROVISIONAL
eaf53970-7ad2-4882-8e29-734a54ab6619,D12,BLDE,BLDE.AOS.S2,BLDE.SS.20210920.FIL,A00000118189,2021-09-20T16:09Z,2021-09-20T16:09Z,EcoCore_CSU,DOC,2.666,milligramsPerLiter,"",1.7,"",0,,OK,20220509T141203Z,PROVISIONAL
f0651495-f033-4638-855c-ca6c714a949c,D12,BLDE,BLDE.AOS.S2,BLDE.SS.20210920.FIL,A00000118189,2021-09-20T16:09Z,2021-09-20T16:09Z,EcoCore_CSU,TDN,0.0641,milligramsPerLiter,"",1.7,"",0,,OK,20220509T141203Z,PROVISIONAL
ba11df60-e46e-4dfa-a94d-d1b1bb2c952d,D12,BLDE,BLDE.AOS.S2,BLDE.SS.20210920.RAW,A00000117967,2021-09-20T16:09Z,2021-09-20T16:09Z,EcoCore_CSU,TOC,2.853,milligramsPerLiter,"",1.7,"",0,,OK,20220509T141203Z,PROVISIONAL
959da1cb-1027-4cd8-9d81-c477e5271f35,D12,BLDE,BLDE.AOS.S2,BLDE.SS.20210920.FIL,A00000118189,2021-09-20T16:09Z,2021-09-20T16:09Z,EcoCore_CSU,UV Absorbance (254 nm),0.0925,"","",1.7,"",0,,OK,20220509T141203Z,PROVISIONAL
8f6d5d7d-cc5c-494a-a667-3cf7737151f0,D12,BLDE,BLDE.AOS.S2,BLDE.SS.20211005.RAW.NUT,B00000039270,2021-10-05T16:30Z,2021-10-05T16:30Z,Florida International University,TP,0.039,milligramsPerLiter,,-1,"",0,,OK,20220509T141941Z,PROVISIONAL
db7dac39-5554-43ad-b466-eaa7a7f6295c,D12,BLDE,BLDE.AOS.S2,BLDE.SS.20211005.FIL,A00000117591,2021-10-05T16:30Z,2021-10-05T16:30Z,EcoCore_CSU,Fe,0.023,milligramsPerLiter,,2.1,"",0,,OK,20220509T141941Z,PROVISIONAL
f07bf70e-c5be-4d00-b6d9-52cfbf572181,D12,BLDE,BLDE.AOS.S2,BLDE.SS.20211005.FIL,A00000117591,2021-10-05T16:30Z,2021-10-05T16:30Z,EcoCore_CSU,Mn,5e-04,milligramsPerLiter,,2.1,"",0,,OK,20220509T141941Z,PROVISIONAL
aca49c4d-ce01-41f1-be63-c168e4a70493,D12,BLDE,BLDE.AOS.S2,BLDE.SS.20211005.FIL,A00000117591,2021-10-05T16:30Z,2021-10-05T16:30Z,EcoCore_CSU,Ca,1.052,milligramsPerLiter,,2.1,"",0,,OK,20220509T141941Z,PROVISIONAL
cf843c56-844c-48fe-aaea-5f4b0d644da4,D12,BLDE,BLDE.AOS.S2,BLDE.SS.20211005.FIL,A00000117591,2021-10-05T16:30Z,2021-10-05T16:30Z,EcoCore_CSU,Mg,4.106,milligramsPerLiter,,2.1,"",0,,OK,20220509T141941Z,PROVISIONAL
5ce2e9b1-5a13-4d9d-845f-bf014fb9fa7f,D12,BLDE,BLDE.AOS.S2,BLDE.SS.20211005.FIL,A00000117591,2021-10-05T16:30Z,2021-10-05T16:30Z,EcoCore_CSU,K,1.173,milligramsPerLiter,,2.1,"",0,,OK,20220509T141941Z,PROVISIONAL
aa45b2ad-0529-492e-8d1d-d44b1cacaa2d,D12,BLDE,BLDE.AOS.S2,BLDE.SS.20211005.FIL,A00000117591,2021-10-05T16:30Z,2021-10-05T16:30Z,EcoCore_CSU,Na,0.392,milligramsPerLiter,,2.1,"",0,,OK,20220509T141941Z,PROVISIONAL
f319980a-c53e-4574-8780-73d780f20602,D12,BLDE,BLDE.AOS.S2,BLDE.SS.20211005.FIL,A00000117591,2021-10-05T16:30Z,2021-10-05T16:30Z,EcoCore_CSU,Si,14.86,milligramsPerLiter,,2.1,"",0,,OK,20220509T141941Z,PROVISIONAL
5cd720d6-7ed5-4bf6-a14f-433640f412fb,D12,BLDE,BLDE.AOS.S2,BLDE.SS.20211005.FIL.NUT,B00000039277,2021-10-05T16:30Z,2021-10-05T16:30Z,Florida International University,Ortho - P,0.0277,milligramsPerLiter,,-1,"",0,,OK,20220509T141941Z,PROVISIONAL
04cc8cb2-e1b7-4e24-b370-a1d11be53dac,D12,BLDE,BLDE.AOS.S2,BLDE.SS.20211005.FIL.NUT,B00000039277,2021-10-05T16:30Z,2021-10-05T16:30Z,Florida International University,NO2 - N,8e-04,milligramsPerLiter,,-1,"",0,,OK,20220509T141941Z,PROVISIONAL
480c1794-7aaf-4e22-88a6-e5a6b7d5e89b,D12,BLDE,BLDE.AOS.S2,BLDE.SS.20211005.FIL.NUT,B00000039277,2021-10-05T16:30Z,2021-10-05T16:30Z,Florida International University,TDP,0.0383,milligramsPerLiter,,-1,"",0,,OK,20220509T141941Z,PROVISIONAL
9f766e86-3697-463f-8498-97f3a6fb6297,D12,BLDE,BLDE.AOS.S2,BLDE.SS.20211005.FIL.NUT,B00000039277,2021-10-05T16:30Z,2021-10-05T16:30Z,Florida International University,NH4 - N,0.0109,milligramsPerLiter,,-1,"",0,,OK,20220509T141941Z,PROVISIONAL
db76f061-fac4-4ff8-a46f-f17f299868e9,D12,BLDE,BLDE.AOS.S2,BLDE.SS.20211005.FIL.NUT,B00000039277,2021-10-05T16:30Z,2021-10-05T16:30Z,Florida International University,NO3+NO2 - N,0.0098,milligramsPerLiter,,-1,"",0,,OK,20220509T141941Z,PROVISIONAL
18f9e845-00c6-4dad-86de-88cd40c7dd97,D12,BLDE,BLDE.AOS.S2,BLDE.SS.20211005.FIL,A00000117591,2021-10-05T16:30Z,2021-10-05T16:30Z,EcoCore_CSU,HCO3,18.42,milligramsPerLiter,,2.1,"",0,,OK,20220509T141941Z,PROVISIONAL
4b4a1940-e09c-401e-893d-60593a853d61,D12,BLDE,BLDE.AOS.S2,BLDE.SS.20211005.FIL,A00000117591,2021-10-05T16:30Z,2021-10-05T16:30Z,EcoCore_CSU,CO3,0.005,milligramsPerLiter,,2.1,"",0,,OK,20220509T141941Z,PROVISIONAL
00f31d5e-c4fd-4a32-b2bc-c1b6c946cf14,D12,BLDE,BLDE.AOS.S2,BLDE.SS.20211005.FIL,A00000117591,2021-10-05T16:30Z,2021-10-05T16:30Z,EcoCore_CSU,TDS,90.02,milligramsPerLiter,,2.1,"",0,,OK,20220509T141941Z,PROVISIONAL
e0906e81-4dbe-419e-87a9-c4c949056512,D12,BLDE,BLDE.AOS.S2,BLDE.SS.20211005.FIL,A00000117591,2021-10-05T16:30Z,2021-10-05T16:30Z,EcoCore_CSU,pH,8.04,pH,,2.1,"",0,,OK,20220509T141941Z,PROVISIONAL
dd1a06b3-d47c-41bf-b74d-bc140eeddb63,D12,BLDE,BLDE.AOS.S2,BLDE.SS.20211005.RAW,A00000117973,2021-10-05T16:30Z,2021-10-05T16:30Z,EcoCore_CSU,TSS,4,milligramsPerLiter,,2.1,TSS vol in ml = 100,0,,OK,20220509T141941Z,PROVISIONAL
66fcce2b-a3d7-45ad-b7fc-b0f46ef27be6,D12,BLDE,BLDE.AOS.S2,BLDE.SS.20211005.FIL,A00000117591,2021-10-05T16:30Z,2021-10-05T16:30Z,EcoCore_CSU,DOC,2.101,milligramsPerLiter,,2.1,"",0,,OK,20220509T141941Z,PROVISIONAL
0fe45cda-4bf9-4ac1-8762-4bf14f30a793,D12,BLDE,BLDE.AOS.S2,BLDE.SS.20211005.FIL,A00000117591,2021-10-05T16:30Z,2021-10-05T16:30Z,EcoCore_CSU,DIC,13.4,milligramsPerLiter,,2.1,"",0,,OK,20220509T141941Z,PROVISIONAL
64b12920-ad83-4086-9876-17ec67009151,D12,BLDE,BLDE.AOS.S2,BLDE.SS.20211005.FIL,A00000117591,2021-10-05T16:30Z,2021-10-05T16:30Z,EcoCore_CSU,TDN,0.0731,milligramsPerLiter,,2.1,"",0,,OK,20220509T141941Z,PROVISIONAL
dd1abfae-078d-4247-bb3f-bc10a832336e,D12,BLDE,BLDE.AOS.S2,BLDE.SS.20211005.RAW,A00000117973,2021-10-05T16:30Z,2021-10-05T16:30Z,EcoCore_CSU,TOC,2.478,milligramsPerLiter,,2.1,"",0,,OK,20220509T141941Z,PROVISIONAL
6f531e63-62d6-4240-9cf3-e1a6c490c6e4,D12,BLDE,BLDE.AOS.S2,BLDE.SS.20211005.RAW,A00000117973,2021-10-05T16:30Z,2021-10-05T16:30Z,EcoCore_CSU,TN,0.1086,milligramsPerLiter,,2.1,"",0,,OK,20220509T141941Z,PROVISIONAL
663bacfe-a8e3-4990-bd83-3d5f2bcad861,D12,BLDE,BLDE.AOS.S2,BLDE.SS.20211005.FIL,A00000117591,2021-10-05T16:30Z,2021-10-05T16:30Z,EcoCore_CSU,UV Absorbance (280 nm),0.0474,"",,2.1,"",0,,OK,20220509T141941Z,PROVISIONAL
72c32d82-73ea-483f-897c-a9f55e16cc52,D12,BLDE,BLDE.AOS.S2,BLDE.SS.20211005.FIL,A00000117591,2021-10-05T16:30Z,2021-10-05T16:30Z,EcoCore_CSU,UV Absorbance (254 nm),0.0643,"",,2.1,"",0,,OK,20220509T141941Z,PROVISIONAL
d2aff44d-5b08-4007-a537-e5d220af2dd2,D12,BLDE,BLDE.AOS.S2,BLDE.SS.20211109.FIL,A00000117372,2021-11-09T18:10Z,2021-11-09T18:10Z,EcoCore_CSU,Ca,1.221,milligramsPerLiter,"",0.4,"",0,,OK,20220509T141937Z,PROVISIONAL
f621d28b-0ab2-4965-9dbc-62571eea5db5,D12,BLDE,BLDE.AOS.S2,BLDE.SS.20211109.FIL,A00000117372,2021-11-09T18:10Z,2021-11-09T18:10Z,EcoCore_CSU,DIC,14.48,milligramsPerLiter,"",0.4,"",0,,OK,20220509T141937Z,PROVISIONAL
fc18bd79-357e-4e2a-ba12-e00fcf1dab2a,D12,BLDE,BLDE.AOS.S2,BLDE.SS.20211109.RAW,A00000117970,2021-11-09T18:10Z,2021-11-09T18:10Z,EcoCore_CSU,TOC,3.044,milligramsPerLiter,"",0.4,"",0,,OK,20220509T141937Z,PROVISIONAL
462ff743-0bbd-401a-a715-76f669923647,D12,BLDE,BLDE.AOS.S2,BLDE.SS.20211109.RAW,A00000117970,2021-11-09T18:10Z,2021-11-09T18:10Z,EcoCore_CSU,TN,0.11,milligramsPerLiter,"",0.4,"",0,,OK,20220509T141937Z,PROVISIONAL
c7a5108d-a158-4f28-a4fa-d83cd3733f06,D12,BLDE,BLDE.AOS.S2,BLDE.SS.20211109.FIL,A00000117372,2021-11-09T18:10Z,2021-11-09T18:10Z,EcoCore_CSU,DOC,2.707,milligramsPerLiter,"",0.4,"",0,,OK,20220509T141937Z,PROVISIONAL
41bd5d18-05d6-441c-a3b0-e271b2984405,D12,BLDE,BLDE.AOS.S2,BLDE.SS.20211109.FIL,A00000117372,2021-11-09T18:10Z,2021-11-09T18:10Z,EcoCore_CSU,TDN,0.0963,milligramsPerLiter,"",0.4,"",0,,OK,20220509T141937Z,PROVISIONAL
5e71175d-b86d-46fe-9745-ddd09b2f93ca,D12,BLDE,BLDE.AOS.S2,BLDE.SS.20211109.RAW.NUT,B00000039274,2021-11-09T18:10Z,2021-11-09T18:10Z,Florida International University,TP,0.0079,milligramsPerLiter,"",-1,"",0,,OK,20220509T141937Z,PROVISIONAL
849e4405-e225-4bf7-b17a-3ea4fa994175,D12,BLDE,BLDE.AOS.S2,BLDE.SS.20211109.FIL.NUT,B00000039269,2021-11-09T18:10Z,2021-11-09T18:10Z,Florida International University,TDP,0.0328,milligramsPerLiter,"",-1,"",0,,OK,20220509T141937Z,PROVISIONAL
9c47c441-9345-4af3-b47b-086f0847de69,D12,BLDE,BLDE.AOS.S2,BLDE.SS.20211109.FIL.NUT,B00000039269,2021-11-09T18:10Z,2021-11-09T18:10Z,Florida International University,Ortho - P,0.0247,milligramsPerLiter,"",-1,"",0,,OK,20220509T141937Z,PROVISIONAL
206e52ac-4c41-46d1-a0b7-afc5cf1ac900,D12,BLDE,BLDE.AOS.S2,BLDE.SS.20211109.FIL.NUT,B00000039269,2021-11-09T18:10Z,2021-11-09T18:10Z,Florida International University,NO3+NO2 - N,0.0028,milligramsPerLiter,"",-1,"",0,,OK,20220509T141937Z,PROVISIONAL
e26ec74b-d6d4-4e7a-97ec-42b753e46ede,D12,BLDE,BLDE.AOS.S2,BLDE.SS.20211109.FIL.NUT,B00000039269,2021-11-09T18:10Z,2021-11-09T18:10Z,Florida International University,NH4 - N,8e-04,milligramsPerLiter,BDL,-1,"",0,,OK,20220509T141937Z,PROVISIONAL
9860da98-ab5e-4d60-b654-0c248c76b6eb,D12,BLDE,BLDE.AOS.S2,BLDE.SS.20211109.FIL,A00000117372,2021-11-09T18:10Z,2021-11-09T18:10Z,EcoCore_CSU,HCO3,20.02,milligramsPerLiter,"",0.4,"",0,,OK,20220509T141937Z,PROVISIONAL
9dbaa63f-0584-4887-b93b-7ba0f18cbacd,D12,BLDE,BLDE.AOS.S2,BLDE.SS.20211109.FIL,A00000117372,2021-11-09T18:10Z,2021-11-09T18:10Z,EcoCore_CSU,pH,8.09,pH,"",0.4,"",0,,OK,20220509T141937Z,PROVISIONAL
4b0df72e-353d-43b3-b43a-d7058cb8e0a0,D12,BLDE,BLDE.AOS.S2,BLDE.SS.20211109.FIL,A00000117372,2021-11-09T18:10Z,2021-11-09T18:10Z,EcoCore_CSU,TDS,99.57,milligramsPerLiter,"",0.4,"",0,,OK,20220509T141937Z,PROVISIONAL
eafbbd7a-ddb5-4e26-a090-40d1cc238965,D12,BLDE,BLDE.AOS.S2,BLDE.SS.20211109.FIL,A00000117372,2021-11-09T18:10Z,2021-11-09T18:10Z,EcoCore_CSU,CO3,0.005,milligramsPerLiter,"",0.4,"",0,,OK,20220509T141937Z,PROVISIONAL
e440585b-de3e-4d0b-a64b-23a61c0c0b45,D12,BLDE,BLDE.AOS.S2,BLDE.SS.20211109.RAW,A00000117970,2021-11-09T18:10Z,2021-11-09T18:10Z,EcoCore_CSU,TSS,6,milligramsPerLiter,"",0.4,TSS vol in ml = 100,0,,OK,20220509T141937Z,PROVISIONAL
f4cf474a-dbf4-4355-8e58-677b6b0bd96a,D12,BLDE,BLDE.AOS.S2,BLDE.SS.20211109.FIL.NUT,B00000039269,2021-11-09T18:10Z,2021-11-09T18:10Z,Florida International University,NO2 - N,2e-04,milligramsPerLiter,BDL,-1,"",0,,OK,20220509T141937Z,PROVISIONAL
4c6c5ae0-8bd9-4aca-8b6b-98aa97c527ca,D12,BLDE,BLDE.AOS.S2,BLDE.SS.20211109.FIL,A00000117372,2021-11-09T18:10Z,2021-11-09T18:10Z,EcoCore_CSU,Si,15.77,milligramsPerLiter,"",0.4,"",0,,OK,20220509T141937Z,PROVISIONAL
0477a928-e865-4446-8a33-61b0d597ca77,D12,BLDE,BLDE.AOS.S2,BLDE.SS.20211109.FIL,A00000117372,2021-11-09T18:10Z,2021-11-09T18:10Z,EcoCore_CSU,Fe,0.035,milligramsPerLiter,"",0.4,"",0,,OK,20220509T141937Z,PROVISIONAL
54f630e1-d63f-49d1-9916-3dc0de3bcf1c,D12,BLDE,BLDE.AOS.S2,BLDE.SS.20211109.FIL,A00000117372,2021-11-09T18:10Z,2021-11-09T18:10Z,EcoCore_CSU,Mn,5e-04,milligramsPerLiter,"",0.4,"",0,,OK,20220509T141937Z,PROVISIONAL
76dbaab9-42af-4014-8b2e-8670c1251676,D12,BLDE,BLDE.AOS.S2,BLDE.SS.20211109.FIL,A00000117372,2021-11-09T18:10Z,2021-11-09T18:10Z,EcoCore_CSU,K,1.221,milligramsPerLiter,"",0.4,"",0,,OK,20220509T141937Z,PROVISIONAL
0d423e88-8ba3-4763-a9e6-4322daf59ad4,D12,BLDE,BLDE.AOS.S2,BLDE.SS.20211109.FIL,A00000117372,2021-11-09T18:10Z,2021-11-09T18:10Z,EcoCore_CSU,Na,0.548,milligramsPerLiter,"",0.4,"",0,,OK,20220509T141937Z,PROVISIONAL
6439011b-2a0f-415c-8ca3-f84edfeed3fe,D12,BLDE,BLDE.AOS.S2,BLDE.SS.20211109.FIL,A00000117372,2021-11-09T18:10Z,2021-11-09T18:10Z,EcoCore_CSU,Mg,4.779,milligramsPerLiter,"",0.4,"",0,,OK,20220509T141937Z,PROVISIONAL
ad6cfa3d-f836-4852-ab5c-f50d24371fe5,D12,BLDE,BLDE.AOS.S2,BLDE.SS.20211122.FIL,A00000283436,2021-11-22T17:30Z,2021-11-22T17:30Z,EcoCore_CSU,Mg,4.659,milligramsPerLiter,"",0.5,"",0,,OK,20220509T141937Z,PROVISIONAL
fe827b86-a597-431d-9a4b-e2764fc607b0,D12,BLDE,BLDE.AOS.S2,BLDE.SS.20211122.FIL,A00000283436,2021-11-22T17:30Z,2021-11-22T17:30Z,EcoCore_CSU,Fe,0.04,milligramsPerLiter,"",0.5,"",0,,OK,20220509T141937Z,PROVISIONAL
c55e5314-ede3-4702-8e73-d2abf712f7f7,D12,BLDE,BLDE.AOS.S2,BLDE.SS.20211122.FIL,A00000283436,2021-11-22T17:30Z,2021-11-22T17:30Z,EcoCore_CSU,K,1.21,milligramsPerLiter,"",0.5,"",0,,OK,20220509T141937Z,PROVISIONAL
3c2dfc3d-da92-4876-9a4f-26260539b330,D12,BLDE,BLDE.AOS.S2,BLDE.SS.20211122.FIL,A00000283436,2021-11-22T17:30Z,2021-11-22T17:30Z,EcoCore_CSU,Na,0.556,milligramsPerLiter,"",0.5,"",0,,OK,20220509T141937Z,PROVISIONAL
e9765054-0929-49d4-bb92-34e16e527967,D12,BLDE,BLDE.AOS.S2,BLDE.SS.20211122.FIL,A00000283436,2021-11-22T17:30Z,2021-11-22T17:30Z,EcoCore_CSU,Mn,5e-04,milligramsPerLiter,"",0.5,"",0,,OK,20220509T141937Z,PROVISIONAL
3df597e0-a57c-41c1-b946-a4fcb25cb92e,D12,BLDE,BLDE.AOS.S2,BLDE.SS.20211122.FIL,A00000283436,2021-11-22T17:30Z,2021-11-22T17:30Z,EcoCore_CSU,Ca,1.198,milligramsPerLiter,"",0.5,"",0,,OK,20220509T141937Z,PROVISIONAL
7f0e7161-32fd-4d67-baf7-69108aa32c50,D12,BLDE,BLDE.AOS.S2,BLDE.SS.20211122.FIL,A00000283436,2021-11-22T17:30Z,2021-11-22T17:30Z,EcoCore_CSU,Si,16.11,milligramsPerLiter,"",0.5,"",0,,OK,20220509T141937Z,PROVISIONAL
976ba071-dadb-4b3c-a965-ee48236ee6fb,D12,BLDE,BLDE.AOS.S2,BLDE.SS.20211122.FIL,A00000283436,2021-11-22T17:30Z,2021-11-22T17:30Z,EcoCore_CSU,DOC,2.201,milligramsPerLiter,"",0.5,"",0,,OK,20220509T141937Z,PROVISIONAL
0707957e-519f-426a-8d17-9139740aa672,D12,BLDE,BLDE.AOS.S2,BLDE.SS.20211122.FIL,A00000283436,2021-11-22T17:30Z,2021-11-22T17:30Z,EcoCore_CSU,TDN,0.1136,milligramsPerLiter,"",0.5,"",0,,OK,20220509T141937Z,PROVISIONAL
3311fdbb-ee99-46be-aa98-32ab8605b42d,D12,BLDE,BLDE.AOS.S2,BLDE.SS.20211122.RAW,A00000117972,2021-11-22T17:30Z,2021-11-22T17:30Z,EcoCore_CSU,TN,0.1244,milligramsPerLiter,"",0.5,"",0,,OK,20220509T141937Z,PROVISIONAL
db6d8ce1-7c64-4e48-879c-bc480bf2ee03,D12,BLDE,BLDE.AOS.S2,BLDE.SS.20211122.FIL,A00000283436,2021-11-22T17:30Z,2021-11-22T17:30Z,EcoCore_CSU,DIC,14.83,milligramsPerLiter,"",0.5,"",0,,OK,20220509T141937Z,PROVISIONAL
2a941dff-6f61-49b2-9f8a-7c9a00c4946c,D12,BLDE,BLDE.AOS.S2,BLDE.SS.20211122.RAW,A00000117972,2021-11-22T17:30Z,2021-11-22T17:30Z,EcoCore_CSU,TOC,2.434,milligramsPerLiter,"",0.5,"",0,,OK,20220509T141937Z,PROVISIONAL
d2e61384-03e2-42bc-a1bd-d69bb9e4fc99,D12,BLDE,BLDE.AOS.S2,BLDE.SS.20211122.RAW.NUT,B00000039273,2021-11-22T17:30Z,2021-11-22T17:30Z,Florida International University,TP,0.0078,milligramsPerLiter,"",-1,"",0,,OK,20220509T141937Z,PROVISIONAL
df545017-f24a-4c55-aa6b-61b564288938,D12,BLDE,BLDE.AOS.S2,BLDE.SS.20211122.FIL.NUT,B00000039279,2021-11-22T17:30Z,2021-11-22T17:30Z,Florida International University,NO2 - N,0.0024,milligramsPerLiter,"",-1,"",0,,OK,20220509T141937Z,PROVISIONAL
d486e2c3-b6d2-410f-ae7f-24f6d5bb92dc,D12,BLDE,BLDE.AOS.S2,BLDE.SS.20211122.FIL.NUT,B00000039279,2021-11-22T17:30Z,2021-11-22T17:30Z,Florida International University,TDP,0.0376,milligramsPerLiter,"",-1,"",0,,OK,20220509T141937Z,PROVISIONAL
f32193f8-7aa6-483a-a5db-fb950eb0ec0a,D12,BLDE,BLDE.AOS.S2,BLDE.SS.20211122.FIL.NUT,B00000039279,2021-11-22T17:30Z,2021-11-22T17:30Z,Florida International University,NH4 - N,0.0011,milligramsPerLiter,BDL,-1,"",0,,OK,20220509T141937Z,PROVISIONAL
840946e3-737e-427d-a8a8-877937837db5,D12,BLDE,BLDE.AOS.S2,BLDE.SS.20211122.FIL.NUT,B00000039279,2021-11-22T17:30Z,2021-11-22T17:30Z,Florida International University,Ortho - P,0.0257,milligramsPerLiter,"",-1,"",0,,OK,20220509T141937Z,PROVISIONAL
5d0767f2-d6e8-4cac-866d-92bc8996fcd9,D12,BLDE,BLDE.AOS.S2,BLDE.SS.20211122.FIL.NUT,B00000039279,2021-11-22T17:30Z,2021-11-22T17:30Z,Florida International University,NO3+NO2 - N,0.0025,milligramsPerLiter,"",-1,"",0,,OK,20220509T141937Z,PROVISIONAL
9eb18bc7-3790-4468-94b5-6f81987c1c2f,D12,BLDE,BLDE.AOS.S2,BLDE.SS.20211122.FIL,A00000283436,2021-11-22T17:30Z,2021-11-22T17:30Z,EcoCore_CSU,pH,7.29,pH,"",0.5,"",0,,OK,20220509T141937Z,PROVISIONAL
88eadc28-b213-4c7b-819b-9b05f5dcb77a,D12,BLDE,BLDE.AOS.S2,BLDE.SS.20211122.FIL,A00000283436,2021-11-22T17:30Z,2021-11-22T17:30Z,EcoCore_CSU,TDS,99.33,milligramsPerLiter,"",0.5,"",0,,OK,20220509T141937Z,PROVISIONAL
805ba263-8c52-43f3-a933-a1b6caa5440f,D12,BLDE,BLDE.AOS.S2,BLDE.SS.20211122.FIL,A00000283436,2021-11-22T17:30Z,2021-11-22T17:30Z,EcoCore_CSU,CO3,0.005,milligramsPerLiter,"",0.5,"",0,,OK,20220509T141937Z,PROVISIONAL
e59588e3-6295-4281-9967-5d7574fb211c,D12,BLDE,BLDE.AOS.S2,BLDE.SS.20211122.FIL,A00000283436,2021-11-22T17:30Z,2021-11-22T17:30Z,EcoCore_CSU,HCO3,21.22,milligramsPerLiter,"",0.5,"",0,,OK,20220509T141937Z,PROVISIONAL
c12be092-e2ba-42ac-81e9-91abd5fd32e2,D12,BLDE,BLDE.AOS.S2,BLDE.SS.20211122.RAW,A00000117972,2021-11-22T17:30Z,2021-11-22T17:30Z,EcoCore_CSU,TSS,0,milligramsPerLiter,"",0.5,TSS vol in ml = 100,0,,OK,20220509T141937Z,PROVISIONAL
